Identifiant PRM;Type de donnees;Date de debut;Date de fin;Grandeur physique;Grandeur metier;Etape metier;Unite;Pas en minutes
25621707630391;Courbe de charge;20/10/2020;20/10/2021;Energie active;Consommation;Comptage Brut;W;
Horodate;Valeur
2021-06-10T21:00:00+02:00;2318
2021-06-10T22:00:00+02:00;2189
2021-06-10T23:00:00+02:00;640
2021-06-11T00:00:00+02:00;268
2021-06-11T01:00:00+02:00;266
2021-06-11T02:00:00+02:00;259
2021-06-11T03:00:00+02:00;440
2021-06-11T04:00:00+02:00;253
2021-06-11T05:00:00+02:00;273
2021-06-11T06:00:00+02:00;572
2021-06-11T07:00:00+02:00;438
2021-06-11T08:00:00+02:00;968
2021-06-11T09:00:00+02:00;602
2021-06-11T10:00:00+02:00;727
2021-06-11T11:00:00+02:00;1513
2021-06-11T12:00:00+02:00;333
2021-06-11T13:00:00+02:00;300
2021-06-11T14:00:00+02:00;281
2021-06-11T15:00:00+02:00;322
2021-06-11T16:00:00+02:00;349
2021-06-11T17:00:00+02:00;775
2021-06-11T18:00:00+02:00;738
2021-06-11T19:00:00+02:00;1476
2021-06-11T20:00:00+02:00;1694
2021-06-11T21:00:00+02:00;1618
2021-06-11T22:00:00+02:00;797
2021-06-11T23:00:00+02:00;745
2021-06-12T00:00:00+02:00;1346
2021-06-12T01:00:00+02:00;389
2021-06-12T02:00:00+02:00;216
2021-06-12T03:00:00+02:00;181
2021-06-12T04:00:00+02:00;166
2021-06-12T05:00:00+02:00;529
2021-06-12T06:00:00+02:00;183
2021-06-12T07:00:00+02:00;170
2021-06-12T08:00:00+02:00;869
2021-06-12T09:00:00+02:00;1474
2021-06-12T10:00:00+02:00;1122
2021-06-12T11:00:00+02:00;377
2021-06-12T12:00:00+02:00;227
2021-06-12T13:00:00+02:00;1635
2021-06-12T14:00:00+02:00;438
2021-06-12T15:00:00+02:00;399
2021-06-12T16:00:00+02:00;1566
2021-06-12T17:00:00+02:00;1385
2021-06-12T18:00:00+02:00;279
2021-06-12T19:00:00+02:00;2260
2021-06-12T20:00:00+02:00;1659
2021-06-12T21:00:00+02:00;1127
2021-06-12T22:00:00+02:00;986
2021-06-12T23:00:00+02:00;309
2021-06-13T00:00:00+02:00;829
2021-06-13T01:00:00+02:00;249
2021-06-13T02:00:00+02:00;319
2021-06-13T03:00:00+02:00;219
2021-06-13T04:00:00+02:00;560
2021-06-13T05:00:00+02:00;196
2021-06-13T06:00:00+02:00;210
2021-06-13T07:00:00+02:00;225
2021-06-13T08:00:00+02:00;1022
2021-06-13T09:00:00+02:00;376
2021-06-13T10:00:00+02:00;213
2021-06-13T11:00:00+02:00;197
2021-06-13T12:00:00+02:00;230
2021-06-13T13:00:00+02:00;181
2021-06-13T14:00:00+02:00;199
2021-06-13T15:00:00+02:00;536
2021-06-13T16:00:00+02:00;260
2021-06-13T17:00:00+02:00;801
2021-06-13T18:00:00+02:00;1413
2021-06-13T19:00:00+02:00;1545
2021-06-13T20:00:00+02:00;699
2021-06-13T21:00:00+02:00;2006
2021-06-13T22:00:00+02:00;941
2021-06-13T23:00:00+02:00;243
2021-06-14T00:00:00+02:00;224
2021-06-14T01:00:00+02:00;190
2021-06-14T02:00:00+02:00;232
2021-06-14T03:00:00+02:00;524
2021-06-14T04:00:00+02:00;780
2021-06-14T05:00:00+02:00;271
2021-06-14T06:00:00+02:00;535
2021-06-14T07:00:00+02:00;280
2021-06-14T08:00:00+02:00;406
2021-06-14T09:00:00+02:00;263
2021-06-14T10:00:00+02:00;257
2021-06-14T11:00:00+02:00;1518
2021-06-14T12:00:00+02:00;2255
2021-06-14T13:00:00+02:00;2113
2021-06-14T14:00:00+02:00;1275
2021-06-14T15:00:00+02:00;846
2021-06-14T16:00:00+02:00;702
2021-06-14T17:00:00+02:00;1022
2021-06-14T18:00:00+02:00;684
2021-06-14T19:00:00+02:00;2844
2021-06-14T20:00:00+02:00;1315
2021-06-14T21:00:00+02:00;985
2021-06-14T22:00:00+02:00;891
2021-06-14T23:00:00+02:00;237
2021-06-15T00:00:00+02:00;264
2021-06-15T01:00:00+02:00;217
2021-06-15T02:00:00+02:00;236
2021-06-15T03:00:00+02:00;740
2021-06-15T04:00:00+02:00;618
2021-06-15T05:00:00+02:00;185
2021-06-15T06:00:00+02:00;218
2021-06-15T07:00:00+02:00;371
2021-06-15T08:00:00+02:00;392
2021-06-15T09:00:00+02:00;288
2021-06-15T10:00:00+02:00;264
2021-06-15T11:00:00+02:00;280
2021-06-15T12:00:00+02:00;218
2021-06-15T13:00:00+02:00;653
2021-06-15T14:00:00+02:00;1310
2021-06-15T15:00:00+02:00;371
2021-06-15T16:00:00+02:00;271
2021-06-15T17:00:00+02:00;310
2021-06-15T18:00:00+02:00;560
2021-06-15T19:00:00+02:00;1500
2021-06-15T20:00:00+02:00;1947
2021-06-15T21:00:00+02:00;761
2021-06-15T22:00:00+02:00;1766
2021-06-15T23:00:00+02:00;388
2021-06-16T00:00:00+02:00;915
2021-06-16T01:00:00+02:00;198
2021-06-16T02:00:00+02:00;536
2021-06-16T03:00:00+02:00;213
2021-06-16T04:00:00+02:00;215
2021-06-16T05:00:00+02:00;192
2021-06-16T06:00:00+02:00;791
2021-06-16T07:00:00+02:00;252
2021-06-16T08:00:00+02:00;1089
2021-06-16T09:00:00+02:00;421
2021-06-16T10:00:00+02:00;1090
2021-06-16T11:00:00+02:00;1225
2021-06-16T12:00:00+02:00;931
2021-06-16T13:00:00+02:00;4000
2021-06-16T14:00:00+02:00;897
2021-06-16T15:00:00+02:00;474
2021-06-16T16:00:00+02:00;492
2021-06-16T17:00:00+02:00;299
2021-06-16T18:00:00+02:00;560
2021-06-16T19:00:00+02:00;2680
2021-06-16T20:00:00+02:00;1427
2021-06-16T21:00:00+02:00;1921
2021-06-16T22:00:00+02:00;391
2021-06-16T23:00:00+02:00;317
2021-06-17T00:00:00+02:00;263
2021-06-17T01:00:00+02:00;236
2021-06-17T02:00:00+02:00;875
2021-06-17T03:00:00+02:00;426
2021-06-17T04:00:00+02:00;205
2021-06-17T05:00:00+02:00;208
2021-06-17T06:00:00+02:00;236
2021-06-17T07:00:00+02:00;184
2021-06-17T08:00:00+02:00;481
2021-06-17T09:00:00+02:00;1208
2021-06-17T10:00:00+02:00;2406
2021-06-17T11:00:00+02:00;735
2021-06-17T12:00:00+02:00;569
2021-06-17T13:00:00+02:00;465
2021-06-17T15:00:00+02:00;312
2021-06-17T16:00:00+02:00;3835
2021-06-17T17:00:00+02:00;7683
2021-06-17T18:00:00+02:00;1904
2021-06-17T19:00:00+02:00;1273
2021-06-17T20:00:00+02:00;2142
2021-06-17T21:00:00+02:00;2066
2021-06-17T22:00:00+02:00;836
2021-06-17T23:00:00+02:00;255
2021-06-18T00:00:00+02:00;533
2021-06-18T01:00:00+02:00;292
2021-06-18T02:00:00+02:00;255
2021-06-18T03:00:00+02:00;238
2021-06-18T04:00:00+02:00;717
2021-06-18T05:00:00+02:00;549
2021-06-18T06:00:00+02:00;263
2021-06-18T07:00:00+02:00;254
2021-06-18T08:00:00+02:00;3252
2021-06-18T09:00:00+02:00;949
2021-06-18T10:00:00+02:00;2296
2021-06-18T11:00:00+02:00;1732
2021-06-18T12:00:00+02:00;983
2021-06-18T13:00:00+02:00;256
2021-06-18T14:00:00+02:00;305
2021-06-18T15:00:00+02:00;285
2021-06-18T16:00:00+02:00;323
2021-06-18T17:00:00+02:00;377
2021-06-18T18:00:00+02:00;715
2021-06-18T19:00:00+02:00;1417
2021-06-18T20:00:00+02:00;284
2021-06-18T21:00:00+02:00;277
2021-06-18T22:00:00+02:00;240
2021-06-18T23:00:00+02:00;315
2021-06-19T00:00:00+02:00;2518
2021-06-19T01:00:00+02:00;1055
2021-06-19T02:00:00+02:00;263
2021-06-19T03:00:00+02:00;286
2021-06-19T04:00:00+02:00;240
2021-06-19T05:00:00+02:00;278
2021-06-19T06:00:00+02:00;262
2021-06-19T07:00:00+02:00;275
2021-06-19T08:00:00+02:00;1591
2021-06-19T09:00:00+02:00;1307
2021-06-19T10:00:00+02:00;810
2021-06-19T11:00:00+02:00;704
2021-06-19T12:00:00+02:00;388
2021-06-19T13:00:00+02:00;379
2021-06-19T14:00:00+02:00;307
2021-06-19T15:00:00+02:00;274
2021-06-19T16:00:00+02:00;300
2021-06-19T17:00:00+02:00;258
2021-06-19T18:00:00+02:00;1516
2021-06-19T19:00:00+02:00;241
2021-06-19T20:00:00+02:00;272
2021-06-19T21:00:00+02:00;789
2021-06-19T22:00:00+02:00;2135
2021-06-19T23:00:00+02:00;1887
2021-06-20T00:00:00+02:00;1218
2021-06-20T01:00:00+02:00;392
2021-06-20T02:00:00+02:00;369
2021-06-20T03:00:00+02:00;504
2021-06-20T04:00:00+02:00;647
2021-06-20T05:00:00+02:00;251
2021-06-20T06:00:00+02:00;281
2021-06-20T07:00:00+02:00;247
2021-06-20T08:00:00+02:00;283
2021-06-20T09:00:00+02:00;650
2021-06-20T10:00:00+02:00;1263
2021-06-20T11:00:00+02:00;2105
2021-06-20T12:00:00+02:00;2552
2021-06-20T13:00:00+02:00;1602
2021-06-20T14:00:00+02:00;1149
2021-06-20T15:00:00+02:00;416
2021-06-20T16:00:00+02:00;482
2021-06-20T17:00:00+02:00;444
2021-06-20T18:00:00+02:00;199
2021-06-20T19:00:00+02:00;204
2021-06-20T20:00:00+02:00;1117
2021-06-20T21:00:00+02:00;1763
2021-06-20T22:00:00+02:00;2460
2021-06-20T23:00:00+02:00;251
2021-06-21T00:00:00+02:00;214
2021-06-21T01:00:00+02:00;163
2021-06-21T02:00:00+02:00;204
2021-06-21T03:00:00+02:00;179
2021-06-21T04:00:00+02:00;190
2021-06-21T05:00:00+02:00;760
2021-06-21T06:00:00+02:00;213
2021-06-21T07:00:00+02:00;161
2021-06-21T08:00:00+02:00;1361
2021-06-21T09:00:00+02:00;1331
2021-06-21T10:00:00+02:00;431
2021-06-21T11:00:00+02:00;354
2021-06-21T12:00:00+02:00;364
2021-06-21T13:00:00+02:00;579
2021-06-21T14:00:00+02:00;2503
2021-06-21T15:00:00+02:00;1100
2021-06-21T16:00:00+02:00;460
2021-06-21T17:00:00+02:00;1460
2021-06-21T18:00:00+02:00;1162
2021-06-21T19:00:00+02:00;2250
2021-06-21T20:00:00+02:00;931
2021-06-21T21:00:00+02:00;1377
2021-06-21T22:00:00+02:00;2168
2021-06-21T23:00:00+02:00;483
2021-06-22T00:00:00+02:00;293
2021-06-22T01:00:00+02:00;333
2021-06-22T02:00:00+02:00;296
2021-06-22T03:00:00+02:00;265
2021-06-22T04:00:00+02:00;266
2021-06-22T05:00:00+02:00;253
2021-06-22T06:00:00+02:00;251
2021-06-22T07:00:00+02:00;924
2021-06-22T08:00:00+02:00;1112
2021-06-22T09:00:00+02:00;716
2021-06-22T10:00:00+02:00;265
2021-06-22T11:00:00+02:00;259
2021-06-22T12:00:00+02:00;295
2021-06-22T13:00:00+02:00;438
2021-06-22T14:00:00+02:00;611
2021-06-22T15:00:00+02:00;633
2021-06-22T16:00:00+02:00;334
2021-06-22T17:00:00+02:00;290
2021-06-22T18:00:00+02:00;332
2021-06-22T19:00:00+02:00;2184
2021-06-22T20:00:00+02:00;2568
2021-06-22T21:00:00+02:00;1546
2021-06-22T22:00:00+02:00;341
2021-06-22T23:00:00+02:00;603
2021-06-23T00:00:00+02:00;740
2021-06-23T01:00:00+02:00;313
2021-06-23T02:00:00+02:00;241
2021-06-23T03:00:00+02:00;272
2021-06-23T04:00:00+02:00;255
2021-06-23T05:00:00+02:00;272
2021-06-23T06:00:00+02:00;420
2021-06-23T07:00:00+02:00;862
2021-06-23T08:00:00+02:00;1074
2021-06-23T09:00:00+02:00;926
2021-06-23T10:00:00+02:00;1243
2021-06-23T11:00:00+02:00;317
2021-06-23T12:00:00+02:00;493
2021-06-23T13:00:00+02:00;356
2021-06-23T14:00:00+02:00;882
2021-06-23T15:00:00+02:00;470
2021-06-23T16:00:00+02:00;559
2021-06-23T17:00:00+02:00;1382
2021-06-23T18:00:00+02:00;829
2021-06-23T19:00:00+02:00;2197
2021-06-23T20:00:00+02:00;2557
2021-06-23T21:00:00+02:00;799
2021-06-23T22:00:00+02:00;732
2021-06-23T23:00:00+02:00;788
2021-06-24T00:00:00+02:00;2055
2021-06-24T01:00:00+02:00;330
2021-06-24T02:00:00+02:00;278
2021-06-24T03:00:00+02:00;250
2021-06-24T04:00:00+02:00;249
2021-06-24T05:00:00+02:00;287
2021-06-24T06:00:00+02:00;239
2021-06-24T07:00:00+02:00;1301
2021-06-24T08:00:00+02:00;1921
2021-06-24T09:00:00+02:00;328
2021-06-24T10:00:00+02:00;968
2021-06-24T11:00:00+02:00;381
2021-06-24T12:00:00+02:00;287
2021-06-24T13:00:00+02:00;343
2021-06-24T14:00:00+02:00;402
2021-06-24T15:00:00+02:00;273
2021-06-24T16:00:00+02:00;262
2021-06-24T17:00:00+02:00;337
2021-06-24T18:00:00+02:00;351
2021-06-24T19:00:00+02:00;1844
2021-06-24T20:00:00+02:00;828
2021-06-24T21:00:00+02:00;1724
2021-06-24T22:00:00+02:00;1187
2021-06-24T23:00:00+02:00;1975
2021-06-25T00:00:00+02:00;251
2021-06-25T01:00:00+02:00;267
2021-06-25T02:00:00+02:00;237
2021-06-25T03:00:00+02:00;280
2021-06-25T04:00:00+02:00;275
2021-06-25T05:00:00+02:00;309
2021-06-25T06:00:00+02:00;382
2021-06-25T07:00:00+02:00;455
2021-06-25T08:00:00+02:00;461
2021-06-25T09:00:00+02:00;1110
2021-06-25T10:00:00+02:00;247
2021-06-25T11:00:00+02:00;313
2021-06-25T12:00:00+02:00;274
2021-06-25T13:00:00+02:00;368
2021-06-25T14:00:00+02:00;845
2021-06-25T15:00:00+02:00;2959
2021-06-25T16:00:00+02:00;346
2021-06-25T17:00:00+02:00;289
2021-06-25T18:00:00+02:00;1470
2021-06-25T19:00:00+02:00;612
2021-06-25T20:00:00+02:00;2750
2021-06-25T21:00:00+02:00;328
2021-06-25T22:00:00+02:00;1675
2021-06-25T23:00:00+02:00;2608
2021-06-27T00:00:00+02:00;746
2021-06-27T01:00:00+02:00;327
2021-06-27T02:00:00+02:00;337
2021-06-27T03:00:00+02:00;263
2021-06-27T04:00:00+02:00;255
2021-06-27T05:00:00+02:00;612
2021-06-27T06:00:00+02:00;259
2021-06-27T07:00:00+02:00;824
2021-06-27T08:00:00+02:00;301
2021-06-27T09:00:00+02:00;353
2021-06-27T10:00:00+02:00;409
2021-06-27T11:00:00+02:00;717
2021-06-27T12:00:00+02:00;737
2021-06-27T13:00:00+02:00;544
2021-06-27T14:00:00+02:00;1536
2021-06-27T15:00:00+02:00;1013
2021-06-27T16:00:00+02:00;771
2021-06-27T17:00:00+02:00;289
2021-06-27T18:00:00+02:00;289
2021-06-27T19:00:00+02:00;316
2021-06-27T20:00:00+02:00;298
2021-06-27T21:00:00+02:00;1560
2021-06-27T22:00:00+02:00;2289
2021-06-27T23:00:00+02:00;628
2021-06-28T00:00:00+02:00;268
2021-06-28T01:00:00+02:00;287
2021-06-28T02:00:00+02:00;241
2021-06-28T03:00:00+02:00;617
2021-06-28T04:00:00+02:00;243
2021-06-28T05:00:00+02:00;264
2021-06-28T06:00:00+02:00;325
2021-06-28T07:00:00+02:00;893
2021-06-28T08:00:00+02:00;1275
2021-06-28T09:00:00+02:00;322
2021-06-28T10:00:00+02:00;2736
2021-06-28T11:00:00+02:00;984
2021-06-28T12:00:00+02:00;1626
2021-06-28T13:00:00+02:00;354
2021-06-28T14:00:00+02:00;1476
2021-06-28T15:00:00+02:00;733
2021-06-28T16:00:00+02:00;438
2021-06-28T17:00:00+02:00;372
2021-06-28T18:00:00+02:00;2621
2021-06-28T19:00:00+02:00;1811
2021-06-28T20:00:00+02:00;720
2021-06-28T21:00:00+02:00;1107
2021-06-28T22:00:00+02:00;1027
2021-06-28T23:00:00+02:00;1073
2021-06-29T00:00:00+02:00;278
2021-06-29T01:00:00+02:00;289
2021-06-29T02:00:00+02:00;610
2021-06-29T03:00:00+02:00;277
2021-06-29T04:00:00+02:00;275
2021-06-29T05:00:00+02:00;269
2021-06-29T06:00:00+02:00;894
2021-06-29T07:00:00+02:00;250
2021-06-29T08:00:00+02:00;426
2021-06-29T09:00:00+02:00;279
2021-06-29T10:00:00+02:00;294
2021-06-29T11:00:00+02:00;294
2021-06-29T12:00:00+02:00;356
2021-06-29T13:00:00+02:00;712
2021-06-29T14:00:00+02:00;343
2021-06-29T15:00:00+02:00;326
2021-06-29T16:00:00+02:00;1016
2021-06-29T17:00:00+02:00;335
2021-06-29T18:00:00+02:00;391
2021-06-29T19:00:00+02:00;1746
2021-06-29T20:00:00+02:00;2420
2021-06-29T21:00:00+02:00;3389
2021-06-29T22:00:00+02:00;2053
2021-06-29T23:00:00+02:00;263
2021-06-30T00:00:00+02:00;255
2021-06-30T01:00:00+02:00;593
2021-06-30T02:00:00+02:00;237
2021-06-30T03:00:00+02:00;256
2021-06-30T04:00:00+02:00;334
2021-06-30T05:00:00+02:00;264
2021-06-30T06:00:00+02:00;278
2021-06-30T07:00:00+02:00;254
2021-06-30T08:00:00+02:00;387
2021-06-30T09:00:00+02:00;1327
2021-06-30T10:00:00+02:00;1055
2021-06-30T11:00:00+02:00;414
2021-06-30T12:00:00+02:00;878
2021-06-30T13:00:00+02:00;1453
2021-06-30T14:00:00+02:00;575
2021-06-30T15:00:00+02:00;4058
2021-06-30T16:00:00+02:00;2332
2021-06-30T17:00:00+02:00;2742
2021-06-30T18:00:00+02:00;3108
2021-06-30T19:00:00+02:00;589
2021-06-30T20:00:00+02:00;2637
2021-06-30T21:00:00+02:00;1781
2021-06-30T22:00:00+02:00;2124
2021-06-30T23:00:00+02:00;378
2021-07-01T00:00:00+02:00;268
2021-07-01T01:00:00+02:00;455
2021-07-01T02:00:00+02:00;292
2021-07-01T03:00:00+02:00;259
2021-07-01T04:00:00+02:00;448
2021-07-01T05:00:00+02:00;282
2021-07-01T06:00:00+02:00;394
2021-07-01T07:00:00+02:00;1217
2021-07-01T08:00:00+02:00;824
2021-07-01T09:00:00+02:00;706
2021-07-01T10:00:00+02:00;1110
2021-07-01T11:00:00+02:00;868
2021-07-01T12:00:00+02:00;363
2021-07-01T13:00:00+02:00;1157
2021-07-01T14:00:00+02:00;1511
2021-07-01T15:00:00+02:00;479
2021-07-01T16:00:00+02:00;1522
2021-07-01T17:00:00+02:00;2167
2021-07-01T18:00:00+02:00;632
2021-07-01T19:00:00+02:00;502
2021-07-01T20:00:00+02:00;2087
2021-07-01T21:00:00+02:00;3516
2021-07-01T22:00:00+02:00;1220
2021-07-01T23:00:00+02:00;839
2021-07-02T00:00:00+02:00;2032
2021-07-02T01:00:00+02:00;1063
2021-07-02T02:00:00+02:00;243
2021-07-02T03:00:00+02:00;265
2021-07-02T04:00:00+02:00;270
2021-07-02T05:00:00+02:00;562
2021-07-02T06:00:00+02:00;270
2021-07-02T07:00:00+02:00;849
2021-07-02T08:00:00+02:00;467
2021-07-02T09:00:00+02:00;1834
2021-07-02T10:00:00+02:00;895
2021-07-02T11:00:00+02:00;1243
2021-07-02T12:00:00+02:00;2134
2021-07-02T13:00:00+02:00;417
2021-07-02T14:00:00+02:00;364
2021-07-02T15:00:00+02:00;359
2021-07-02T16:00:00+02:00;327
2021-07-02T17:00:00+02:00;420
2021-07-02T18:00:00+02:00;441
2021-07-02T19:00:00+02:00;1489
2021-07-02T20:00:00+02:00;1669
2021-07-02T21:00:00+02:00;1339
2021-07-02T22:00:00+02:00;1441
2021-07-02T23:00:00+02:00;1357
2021-07-03T00:00:00+02:00;268
2021-07-03T01:00:00+02:00;253
2021-07-03T02:00:00+02:00;279
2021-07-03T03:00:00+02:00;410
2021-07-03T04:00:00+02:00;300
2021-07-03T05:00:00+02:00;448
2021-07-03T06:00:00+02:00;677
2021-07-03T07:00:00+02:00;572
2021-07-03T08:00:00+02:00;396
2021-07-03T09:00:00+02:00;470
2021-07-03T10:00:00+02:00;458
2021-07-03T11:00:00+02:00;334
2021-07-03T12:00:00+02:00;442
2021-07-03T13:00:00+02:00;1043
2021-07-03T15:00:00+02:00;1257
2021-07-03T16:00:00+02:00;430
2021-07-03T17:00:00+02:00;424
2021-07-03T18:00:00+02:00;308
2021-07-03T19:00:00+02:00;626
2021-07-03T20:00:00+02:00;430
2021-07-03T21:00:00+02:00;2927
2021-07-03T22:00:00+02:00;3141
2021-07-03T23:00:00+02:00;2747
2021-07-04T00:00:00+02:00;660
2021-07-04T01:00:00+02:00;300
2021-07-04T02:00:00+02:00;251
2021-07-04T03:00:00+02:00;244
2021-07-04T04:00:00+02:00;293
2021-07-04T05:00:00+02:00;241
2021-07-04T06:00:00+02:00;246
2021-07-04T07:00:00+02:00;600
2021-07-04T08:00:00+02:00;536
2021-07-04T09:00:00+02:00;991
2021-07-04T10:00:00+02:00;1262
2021-07-04T11:00:00+02:00;576
2021-07-04T12:00:00+02:00;298
2021-07-04T13:00:00+02:00;345
2021-07-04T14:00:00+02:00;569
2021-07-04T15:00:00+02:00;291
2021-07-04T16:00:00+02:00;292
2021-07-04T17:00:00+02:00;265
2021-07-04T18:00:00+02:00;295
2021-07-04T19:00:00+02:00;294
2021-07-04T20:00:00+02:00;269
2021-07-04T21:00:00+02:00;1083
2021-07-04T22:00:00+02:00;1124
2021-07-04T23:00:00+02:00;2074
2021-07-05T00:00:00+02:00;2338
2021-07-05T01:00:00+02:00;243
2021-07-05T02:00:00+02:00;256
2021-07-05T03:00:00+02:00;254
2021-07-05T04:00:00+02:00;235
2021-07-05T05:00:00+02:00;255
2021-07-05T06:00:00+02:00;252
2021-07-05T07:00:00+02:00;673
2021-07-05T08:00:00+02:00;2231
2021-07-05T09:00:00+02:00;681
2021-07-05T10:00:00+02:00;1018
2021-07-05T11:00:00+02:00;834
2021-07-05T12:00:00+02:00;405
2021-07-05T13:00:00+02:00;481
2021-07-05T14:00:00+02:00;456
2021-07-05T15:00:00+02:00;387
2021-07-05T16:00:00+02:00;1012
2021-07-05T17:00:00+02:00;283
2021-07-05T18:00:00+02:00;1153
2021-07-05T19:00:00+02:00;448
2021-07-05T20:00:00+02:00;1512
2021-07-05T21:00:00+02:00;2370
2021-07-05T22:00:00+02:00;723
2021-07-05T23:00:00+02:00;730
2021-07-06T00:00:00+02:00;559
2021-07-06T01:00:00+02:00;272
2021-07-06T02:00:00+02:00;271
2021-07-06T03:00:00+02:00;233
2021-07-06T04:00:00+02:00;327
2021-07-06T05:00:00+02:00;772
2021-07-06T06:00:00+02:00;243
2021-07-06T07:00:00+02:00;262
2021-07-06T08:00:00+02:00;866
2021-07-06T09:00:00+02:00;2378
2021-07-06T10:00:00+02:00;1821
2021-07-06T11:00:00+02:00;1063
2021-07-06T12:00:00+02:00;3480
2021-07-06T13:00:00+02:00;814
2021-07-06T15:00:00+02:00;904
2021-07-06T16:00:00+02:00;230
2021-07-06T17:00:00+02:00;256
2021-07-06T18:00:00+02:00;309
2021-07-06T19:00:00+02:00;1123
2021-07-06T20:00:00+02:00;2907
2021-07-06T21:00:00+02:00;562
2021-07-06T22:00:00+02:00;2004
2021-07-06T23:00:00+02:00;535
2021-07-07T00:00:00+02:00;264
2021-07-07T01:00:00+02:00;556
2021-07-07T02:00:00+02:00;273
2021-07-07T03:00:00+02:00;236
2021-07-07T04:00:00+02:00;519
2021-07-07T05:00:00+02:00;550
2021-07-07T06:00:00+02:00;230
2021-07-07T07:00:00+02:00;266
2021-07-07T08:00:00+02:00;904
2021-07-07T09:00:00+02:00;1014
2021-07-07T10:00:00+02:00;1130
2021-07-07T11:00:00+02:00;3517
2021-07-07T12:00:00+02:00;1948
2021-07-07T13:00:00+02:00;2158
2021-07-07T14:00:00+02:00;971
2021-07-07T15:00:00+02:00;405
2021-07-07T16:00:00+02:00;1012
2021-07-07T17:00:00+02:00;1153
2021-07-07T18:00:00+02:00;1764
2021-07-07T19:00:00+02:00;2928
2021-07-07T20:00:00+02:00;1488
2021-07-07T21:00:00+02:00;543
2021-07-07T22:00:00+02:00;1797
2021-07-07T23:00:00+02:00;1405
2021-07-08T00:00:00+02:00;276
2021-07-08T01:00:00+02:00;349
2021-07-08T02:00:00+02:00;619
2021-07-08T03:00:00+02:00;271
2021-07-08T04:00:00+02:00;265
2021-07-08T05:00:00+02:00;285
2021-07-08T06:00:00+02:00;243
2021-07-08T07:00:00+02:00;397
2021-07-08T08:00:00+02:00;1600
2021-07-08T09:00:00+02:00;1951
2021-07-08T10:00:00+02:00;1964
2021-07-08T11:00:00+02:00;337
2021-07-08T12:00:00+02:00;563
2021-07-08T13:00:00+02:00;765
2021-07-08T14:00:00+02:00;837
2021-07-08T15:00:00+02:00;432
2021-07-08T16:00:00+02:00;1223
2021-07-08T17:00:00+02:00;2088
2021-07-08T18:00:00+02:00;542
2021-07-08T19:00:00+02:00;904
2021-07-08T20:00:00+02:00;2493
2021-07-08T21:00:00+02:00;2470
2021-07-08T22:00:00+02:00;674
2021-07-08T23:00:00+02:00;305
2021-07-09T00:00:00+02:00;273
2021-07-09T01:00:00+02:00;174
2021-07-09T02:00:00+02:00;500
2021-07-09T03:00:00+02:00;197
2021-07-09T04:00:00+02:00;181
2021-07-09T05:00:00+02:00;217
2021-07-09T06:00:00+02:00;248
2021-07-09T07:00:00+02:00;912
2021-07-09T08:00:00+02:00;160
2021-07-09T09:00:00+02:00;360
2021-07-09T10:00:00+02:00;279
2021-07-09T11:00:00+02:00;248
2021-07-09T12:00:00+02:00;198
2021-07-09T13:00:00+02:00;1547
2021-07-09T14:00:00+02:00;435
2021-07-09T15:00:00+02:00;189
2021-07-09T16:00:00+02:00;222
2021-07-09T17:00:00+02:00;377
2021-07-09T18:00:00+02:00;815
2021-07-09T19:00:00+02:00;223
2021-07-09T20:00:00+02:00;2818
2021-07-09T21:00:00+02:00;880
2021-07-09T22:00:00+02:00;319
2021-07-09T23:00:00+02:00;1658
2021-07-10T00:00:00+02:00;1404
2021-07-10T01:00:00+02:00;503
2021-07-10T02:00:00+02:00;199
2021-07-10T03:00:00+02:00;181
2021-07-10T04:00:00+02:00;164
2021-07-10T05:00:00+02:00;192
2021-07-10T06:00:00+02:00;193
2021-07-10T07:00:00+02:00;180
2021-07-10T08:00:00+02:00;1328
2021-07-10T09:00:00+02:00;1188
2021-07-10T10:00:00+02:00;209
2021-07-10T11:00:00+02:00;262
2021-07-10T12:00:00+02:00;391
2021-07-10T13:00:00+02:00;777
2021-07-10T14:00:00+02:00;229
2021-07-10T15:00:00+02:00;230
2021-07-10T16:00:00+02:00;219
2021-07-10T17:00:00+02:00;224
2021-07-10T18:00:00+02:00;1668
2021-07-10T19:00:00+02:00;514
2021-07-10T20:00:00+02:00;573
2021-07-10T21:00:00+02:00;1229
2021-07-10T22:00:00+02:00;503
2021-07-10T23:00:00+02:00;1477
2021-07-11T00:00:00+02:00;190
2021-07-11T01:00:00+02:00;402
2021-07-11T02:00:00+02:00;288
2021-07-11T03:00:00+02:00;193
2021-07-11T04:00:00+02:00;229
2021-07-11T05:00:00+02:00;235
2021-07-11T06:00:00+02:00;174
2021-07-11T07:00:00+02:00;790
2021-07-11T08:00:00+02:00;186
2021-07-11T09:00:00+02:00;241
2021-07-11T10:00:00+02:00;525
2021-07-11T11:00:00+02:00;320
2021-07-11T12:00:00+02:00;992
2021-07-11T13:00:00+02:00;1296
2021-07-11T14:00:00+02:00;1061
2021-07-11T15:00:00+02:00;1028
2021-07-11T16:00:00+02:00;1215
2021-07-11T17:00:00+02:00;450
2021-07-11T18:00:00+02:00;408
2021-07-11T19:00:00+02:00;383
2021-07-11T20:00:00+02:00;309
2021-07-11T21:00:00+02:00;636
2021-07-11T22:00:00+02:00;1288
2021-07-11T23:00:00+02:00;1799
2021-07-12T00:00:00+02:00;1383
2021-07-12T01:00:00+02:00;214
2021-07-12T02:00:00+02:00;493
2021-07-12T03:00:00+02:00;189
2021-07-12T04:00:00+02:00;211
2021-07-12T05:00:00+02:00;168
2021-07-12T06:00:00+02:00;254
2021-07-12T07:00:00+02:00;236
2021-07-12T08:00:00+02:00;1476
2021-07-12T09:00:00+02:00;1234
2021-07-12T10:00:00+02:00;2122
2021-07-12T11:00:00+02:00;192
2021-07-12T12:00:00+02:00;273
2021-07-12T13:00:00+02:00;462
2021-07-12T14:00:00+02:00;1326
2021-07-12T15:00:00+02:00;764
2021-07-12T16:00:00+02:00;878
2021-07-12T17:00:00+02:00;576
2021-07-12T18:00:00+02:00;505
2021-07-12T19:00:00+02:00;870
2021-07-12T20:00:00+02:00;2682
2021-07-12T21:00:00+02:00;1059
2021-07-12T22:00:00+02:00;1947
2021-07-12T23:00:00+02:00;761
2021-07-13T00:00:00+02:00;282
2021-07-13T01:00:00+02:00;270
2021-07-13T02:00:00+02:00;253
2021-07-13T03:00:00+02:00;267
2021-07-13T04:00:00+02:00;260
2021-07-13T05:00:00+02:00;836
2021-07-13T06:00:00+02:00;262
2021-07-13T07:00:00+02:00;320
2021-07-13T08:00:00+02:00;706
2021-07-13T09:00:00+02:00;1125
2021-07-13T10:00:00+02:00;1189
2021-07-13T11:00:00+02:00;1794
2021-07-13T12:00:00+02:00;1350
2021-07-13T13:00:00+02:00;764
2021-07-13T14:00:00+02:00;543
2021-07-13T15:00:00+02:00;939
2021-07-13T16:00:00+02:00;2850
2021-07-13T17:00:00+02:00;653
2021-07-13T18:00:00+02:00;935
2021-07-13T19:00:00+02:00;649
2021-07-13T20:00:00+02:00;1515
2021-07-13T21:00:00+02:00;1229
2021-07-13T22:00:00+02:00;1599
2021-07-13T23:00:00+02:00;388
2021-07-14T00:00:00+02:00;319
2021-07-14T01:00:00+02:00;253
2021-07-14T02:00:00+02:00;265
2021-07-14T03:00:00+02:00;784
2021-07-14T04:00:00+02:00;236
2021-07-14T05:00:00+02:00;490
2021-07-14T06:00:00+02:00;329
2021-07-14T07:00:00+02:00;238
2021-07-14T08:00:00+02:00;264
2021-07-14T09:00:00+02:00;4034
2021-07-14T10:00:00+02:00;2174
2021-07-14T11:00:00+02:00;251
2021-07-14T12:00:00+02:00;292
2021-07-14T13:00:00+02:00;375
2021-07-14T14:00:00+02:00;907
2021-07-14T15:00:00+02:00;220
2021-07-14T16:00:00+02:00;1495
2021-07-14T17:00:00+02:00;1696
2021-07-14T18:00:00+02:00;1542
2021-07-14T19:00:00+02:00;1162
2021-07-14T20:00:00+02:00;2047
2021-07-14T21:00:00+02:00;2048
2021-07-14T22:00:00+02:00;492
2021-07-14T23:00:00+02:00;215
2021-07-15T00:00:00+02:00;285
2021-07-15T01:00:00+02:00;245
2021-07-15T02:00:00+02:00;255
2021-07-15T03:00:00+02:00;643
2021-07-15T04:00:00+02:00;246
2021-07-15T05:00:00+02:00;239
2021-07-15T06:00:00+02:00;228
2021-07-15T07:00:00+02:00;579
2021-07-15T08:00:00+02:00;1488
2021-07-15T09:00:00+02:00;1529
2021-07-15T10:00:00+02:00;266
2021-07-15T11:00:00+02:00;3021
2021-07-15T12:00:00+02:00;1494
2021-07-15T13:00:00+02:00;674
2021-07-15T14:00:00+02:00;1001
2021-07-15T15:00:00+02:00;1671
2021-07-15T16:00:00+02:00;692
2021-07-15T17:00:00+02:00;1288
2021-07-15T18:00:00+02:00;1463
2021-07-15T19:00:00+02:00;2353
2021-07-15T20:00:00+02:00;2559
2021-07-15T21:00:00+02:00;1177
2021-07-15T22:00:00+02:00;1549
2021-07-15T23:00:00+02:00;1040
2021-07-16T00:00:00+02:00;344
2021-07-16T01:00:00+02:00;249
2021-07-16T02:00:00+02:00;255
2021-07-16T03:00:00+02:00;506
2021-07-16T04:00:00+02:00;478
2021-07-16T05:00:00+02:00;421
2021-07-16T06:00:00+02:00;594
2021-07-16T07:00:00+02:00;945
2021-07-16T08:00:00+02:00;905
2021-07-16T09:00:00+02:00;430
2021-07-16T10:00:00+02:00;498
2021-07-16T11:00:00+02:00;1058
2021-07-16T12:00:00+02:00;462
2021-07-16T13:00:00+02:00;337
2021-07-16T14:00:00+02:00;291
2021-07-16T15:00:00+02:00;671
2021-07-16T16:00:00+02:00;402
2021-07-16T17:00:00+02:00;1735
2021-07-16T18:00:00+02:00;1216
2021-07-16T19:00:00+02:00;268
2021-07-16T20:00:00+02:00;275
2021-07-16T21:00:00+02:00;313
2021-07-16T22:00:00+02:00;411
2021-07-16T23:00:00+02:00;222
2021-07-17T00:00:00+02:00;252
2021-07-17T01:00:00+02:00;1223
2021-07-17T02:00:00+02:00;1139
2021-07-17T03:00:00+02:00;633
2021-07-17T04:00:00+02:00;224
2021-07-17T05:00:00+02:00;257
2021-07-17T06:00:00+02:00;227
2021-07-17T07:00:00+02:00;512
2021-07-17T08:00:00+02:00;1966
2021-07-17T09:00:00+02:00;291
2021-07-17T10:00:00+02:00;248
2021-07-17T11:00:00+02:00;1740
2021-07-17T12:00:00+02:00;1811
2021-07-17T13:00:00+02:00;1681
2021-07-17T14:00:00+02:00;1205
2021-07-17T15:00:00+02:00;391
2021-07-17T16:00:00+02:00;474
2021-07-17T17:00:00+02:00;247
2021-07-17T18:00:00+02:00;1817
2021-07-17T19:00:00+02:00;1699
2021-07-17T20:00:00+02:00;799
2021-07-17T21:00:00+02:00;323
2021-07-17T22:00:00+02:00;381
2021-07-17T23:00:00+02:00;357
2021-07-18T00:00:00+02:00;741
2021-07-18T01:00:00+02:00;740
2021-07-18T02:00:00+02:00;275
2021-07-18T03:00:00+02:00;230
2021-07-18T04:00:00+02:00;247
2021-07-18T05:00:00+02:00;403
2021-07-18T06:00:00+02:00;231
2021-07-18T07:00:00+02:00;253
2021-07-18T08:00:00+02:00;241
2021-07-18T09:00:00+02:00;322
2021-07-18T10:00:00+02:00;310
2021-07-18T11:00:00+02:00;1354
2021-07-18T12:00:00+02:00;610
2021-07-18T13:00:00+02:00;279
2021-07-18T14:00:00+02:00;277
2021-07-18T15:00:00+02:00;302
2021-07-18T16:00:00+02:00;228
2021-07-18T17:00:00+02:00;267
2021-07-18T18:00:00+02:00;253
2021-07-18T19:00:00+02:00;1700
2021-07-18T20:00:00+02:00;2240
2021-07-18T21:00:00+02:00;1361
2021-07-18T22:00:00+02:00;839
2021-07-18T23:00:00+02:00;341
2021-07-19T00:00:00+02:00;254
2021-07-19T01:00:00+02:00;572
2021-07-19T02:00:00+02:00;446
2021-07-19T03:00:00+02:00;710
2021-07-19T04:00:00+02:00;248
2021-07-19T05:00:00+02:00;253
2021-07-19T06:00:00+02:00;226
2021-07-19T07:00:00+02:00;278
2021-07-19T08:00:00+02:00;290
2021-07-19T09:00:00+02:00;1312
2021-07-19T10:00:00+02:00;463
2021-07-19T11:00:00+02:00;323
2021-07-19T12:00:00+02:00;592
2021-07-19T13:00:00+02:00;1514
2021-07-19T14:00:00+02:00;1054
2021-07-19T15:00:00+02:00;434
2021-07-19T16:00:00+02:00;405
2021-07-19T17:00:00+02:00;697
2021-07-19T18:00:00+02:00;851
2021-07-19T19:00:00+02:00;2757
2021-07-19T20:00:00+02:00;2912
2021-07-19T21:00:00+02:00;1264
2021-07-19T22:00:00+02:00;2015
2021-07-19T23:00:00+02:00;1830
2021-07-20T00:00:00+02:00;607
2021-07-20T01:00:00+02:00;239
2021-07-20T02:00:00+02:00;278
2021-07-20T03:00:00+02:00;247
2021-07-20T04:00:00+02:00;278
2021-07-20T05:00:00+02:00;315
2021-07-20T06:00:00+02:00;277
2021-07-20T07:00:00+02:00;255
2021-07-20T08:00:00+02:00;1562
2021-07-20T09:00:00+02:00;1725
2021-07-20T10:00:00+02:00;6569
2021-07-20T11:00:00+02:00;3134
2021-07-20T12:00:00+02:00;1286
2021-07-20T13:00:00+02:00;698
2021-07-20T14:00:00+02:00;1447
2021-07-20T15:00:00+02:00;5176
2021-07-20T16:00:00+02:00;5857
2021-07-20T17:00:00+02:00;4395
2021-07-20T18:00:00+02:00;3077
2021-07-20T19:00:00+02:00;701
2021-07-20T20:00:00+02:00;1578
2021-07-20T21:00:00+02:00;524
2021-07-20T22:00:00+02:00;1372
2021-07-20T23:00:00+02:00;2313
2021-07-21T00:00:00+02:00;377
2021-07-21T01:00:00+02:00;277
2021-07-21T02:00:00+02:00;236
2021-07-21T03:00:00+02:00;264
2021-07-21T04:00:00+02:00;251
2021-07-21T05:00:00+02:00;344
2021-07-21T06:00:00+02:00;254
2021-07-21T07:00:00+02:00;261
2021-07-21T08:00:00+02:00;269
2021-07-21T09:00:00+02:00;916
2021-07-21T10:00:00+02:00;1420
2021-07-21T11:00:00+02:00;1556
2021-07-21T12:00:00+02:00;410
2021-07-21T13:00:00+02:00;830
2021-07-21T14:00:00+02:00;427
2021-07-21T15:00:00+02:00;253
2021-07-21T16:00:00+02:00;301
2021-07-21T17:00:00+02:00;261
2021-07-21T18:00:00+02:00;441
2021-07-21T19:00:00+02:00;511
2021-07-21T20:00:00+02:00;2304
2021-07-21T21:00:00+02:00;1946
2021-07-21T22:00:00+02:00;1433
2021-07-21T23:00:00+02:00;1236
2021-07-22T00:00:00+02:00;547
2021-07-22T01:00:00+02:00;263
2021-07-22T02:00:00+02:00;246
2021-07-22T03:00:00+02:00;257
2021-07-22T04:00:00+02:00;238
2021-07-22T05:00:00+02:00;273
2021-07-22T06:00:00+02:00;808
2021-07-22T07:00:00+02:00;330
2021-07-22T08:00:00+02:00;692
2021-07-22T09:00:00+02:00;360
2021-07-22T10:00:00+02:00;433
2021-07-22T11:00:00+02:00;251
2021-07-22T12:00:00+02:00;220
2021-07-22T13:00:00+02:00;367
2021-07-22T14:00:00+02:00;1308
2021-07-22T15:00:00+02:00;2932
2021-07-22T16:00:00+02:00;300
2021-07-22T17:00:00+02:00;327
2021-07-22T18:00:00+02:00;1179
2021-07-22T19:00:00+02:00;1850
2021-07-22T20:00:00+02:00;785
2021-07-22T21:00:00+02:00;623
2021-07-22T22:00:00+02:00;1415
2021-07-22T23:00:00+02:00;387
2021-07-23T00:00:00+02:00;293
2021-07-23T01:00:00+02:00;274
2021-07-23T02:00:00+02:00;266
2021-07-23T03:00:00+02:00;253
2021-07-23T04:00:00+02:00;256
2021-07-23T05:00:00+02:00;271
2021-07-23T06:00:00+02:00;825
2021-07-23T07:00:00+02:00;258
2021-07-23T08:00:00+02:00;321
2021-07-23T09:00:00+02:00;575
2021-07-23T10:00:00+02:00;1043
2021-07-23T11:00:00+02:00;745
2021-07-23T12:00:00+02:00;614
2021-07-23T13:00:00+02:00;515
2021-07-23T14:00:00+02:00;426
2021-07-23T15:00:00+02:00;1559
2021-07-23T16:00:00+02:00;2099
2021-07-23T17:00:00+02:00;1283
2021-07-23T18:00:00+02:00;289
2021-07-23T19:00:00+02:00;290
2021-07-23T20:00:00+02:00;2561
2021-07-23T21:00:00+02:00;1635
2021-07-23T22:00:00+02:00;648
2021-07-23T23:00:00+02:00;2235
2021-07-24T00:00:00+02:00;1211
2021-07-24T01:00:00+02:00;286
2021-07-24T02:00:00+02:00;318
2021-07-24T03:00:00+02:00;296
2021-07-24T04:00:00+02:00;261
2021-07-24T05:00:00+02:00;275
2021-07-24T06:00:00+02:00;246
2021-07-24T07:00:00+02:00;252
2021-07-24T08:00:00+02:00;494
2021-07-24T09:00:00+02:00;1116
2021-07-24T10:00:00+02:00;427
2021-07-24T11:00:00+02:00;282
2021-07-24T12:00:00+02:00;275
2021-07-24T13:00:00+02:00;261
2021-07-24T14:00:00+02:00;265
2021-07-24T15:00:00+02:00;328
2021-07-24T16:00:00+02:00;275
2021-07-24T17:00:00+02:00;1051
2021-07-24T18:00:00+02:00;2067
2021-07-24T19:00:00+02:00;566
2021-07-24T20:00:00+02:00;1564
2021-07-24T21:00:00+02:00;1878
2021-07-24T22:00:00+02:00;715
2021-07-24T23:00:00+02:00;370
2021-07-25T00:00:00+02:00;503
2021-07-25T01:00:00+02:00;259
2021-07-25T02:00:00+02:00;291
2021-07-25T03:00:00+02:00;274
2021-07-25T04:00:00+02:00;360
2021-07-25T05:00:00+02:00;261
2021-07-25T06:00:00+02:00;282
2021-07-25T07:00:00+02:00;763
2021-07-25T08:00:00+02:00;341
2021-07-25T09:00:00+02:00;581
2021-07-25T10:00:00+02:00;832
2021-07-25T11:00:00+02:00;477
2021-07-25T12:00:00+02:00;431
2021-07-25T13:00:00+02:00;756
2021-07-25T14:00:00+02:00;358
2021-07-25T15:00:00+02:00;359
2021-07-25T16:00:00+02:00;1070
2021-07-25T17:00:00+02:00;411
2021-07-25T18:00:00+02:00;1322
2021-07-25T19:00:00+02:00;1246
2021-07-25T20:00:00+02:00;1843
2021-07-25T21:00:00+02:00;1575
2021-07-25T22:00:00+02:00;3893
2021-07-25T23:00:00+02:00;1785
2021-07-26T00:00:00+02:00;274
2021-07-26T01:00:00+02:00;290
2021-07-26T02:00:00+02:00;325
2021-07-26T03:00:00+02:00;324
2021-07-26T04:00:00+02:00;263
2021-07-26T05:00:00+02:00;269
2021-07-26T06:00:00+02:00;243
2021-07-26T07:00:00+02:00;301
2021-07-26T08:00:00+02:00;672
2021-07-26T09:00:00+02:00;1727
2021-07-26T10:00:00+02:00;1911
2021-07-26T11:00:00+02:00;522
2021-07-26T12:00:00+02:00;520
2021-07-26T13:00:00+02:00;995
2021-07-26T14:00:00+02:00;534
2021-07-26T15:00:00+02:00;299
2021-07-26T16:00:00+02:00;1804
2021-07-26T17:00:00+02:00;3062
2021-07-26T18:00:00+02:00;1493
2021-07-26T19:00:00+02:00;1615
2021-07-26T20:00:00+02:00;2494
2021-07-26T21:00:00+02:00;1209
2021-07-26T22:00:00+02:00;2278
2021-07-26T23:00:00+02:00;593
2021-07-27T00:00:00+02:00;381
2021-07-27T01:00:00+02:00;321
2021-07-27T02:00:00+02:00;241
2021-07-27T03:00:00+02:00;274
2021-07-27T04:00:00+02:00;262
2021-07-27T05:00:00+02:00;256
2021-07-27T06:00:00+02:00;230
2021-07-27T07:00:00+02:00;316
2021-07-27T08:00:00+02:00;545
2021-07-27T09:00:00+02:00;4282
2021-07-27T10:00:00+02:00;1070
2021-07-27T11:00:00+02:00;271
2021-07-27T12:00:00+02:00;283
2021-07-27T13:00:00+02:00;612
2021-07-27T14:00:00+02:00;518
2021-07-27T15:00:00+02:00;420
2021-07-27T16:00:00+02:00;399
2021-07-27T17:00:00+02:00;2512
2021-07-27T18:00:00+02:00;4701
2021-07-27T19:00:00+02:00;2741
2021-07-27T20:00:00+02:00;2043
2021-07-27T21:00:00+02:00;591
2021-07-27T22:00:00+02:00;282
2021-07-27T23:00:00+02:00;260
2021-07-28T00:00:00+02:00;287
2021-07-28T01:00:00+02:00;338
2021-07-28T02:00:00+02:00;287
2021-07-28T03:00:00+02:00;270
2021-07-28T04:00:00+02:00;254
2021-07-28T05:00:00+02:00;276
2021-07-28T06:00:00+02:00;233
2021-07-28T07:00:00+02:00;1055
2021-07-28T08:00:00+02:00;321
2021-07-28T09:00:00+02:00;931
2021-07-28T10:00:00+02:00;2476
2021-07-28T11:00:00+02:00;1753
2021-07-28T12:00:00+02:00;800
2021-07-28T13:00:00+02:00;2304
2021-07-28T14:00:00+02:00;942
2021-07-28T15:00:00+02:00;331
2021-07-28T16:00:00+02:00;298
2021-07-28T17:00:00+02:00;233
2021-07-28T18:00:00+02:00;322
2021-07-28T19:00:00+02:00;1528
2021-07-28T20:00:00+02:00;2773
2021-07-28T21:00:00+02:00;2111
2021-07-28T22:00:00+02:00;1239
2021-07-28T23:00:00+02:00;350
2021-07-29T00:00:00+02:00;261
2021-07-29T01:00:00+02:00;242
2021-07-29T02:00:00+02:00;285
2021-07-29T03:00:00+02:00;309
2021-07-29T04:00:00+02:00;263
2021-07-29T05:00:00+02:00;244
2021-07-29T06:00:00+02:00;240
2021-07-29T07:00:00+02:00;618
2021-07-29T08:00:00+02:00;2563
2021-07-29T09:00:00+02:00;1774
2021-07-29T10:00:00+02:00;1587
2021-07-29T11:00:00+02:00;746
2021-07-29T12:00:00+02:00;838
2021-07-29T13:00:00+02:00;2714
2021-07-29T14:00:00+02:00;867
2021-07-29T15:00:00+02:00;1114
2021-07-29T16:00:00+02:00;808
2021-07-29T17:00:00+02:00;494
2021-07-29T18:00:00+02:00;451
2021-07-29T19:00:00+02:00;2059
2021-07-29T20:00:00+02:00;2416
2021-07-29T21:00:00+02:00;2552
2021-07-29T22:00:00+02:00;2214
2021-07-29T23:00:00+02:00;1768
2021-07-30T00:00:00+02:00;667
2021-07-30T01:00:00+02:00;248
2021-07-30T02:00:00+02:00;280
2021-07-30T03:00:00+02:00;241
2021-07-30T04:00:00+02:00;322
2021-07-30T05:00:00+02:00;604
2021-07-30T06:00:00+02:00;264
2021-07-30T07:00:00+02:00;242
2021-07-30T08:00:00+02:00;719
2021-07-30T09:00:00+02:00;1635
2021-07-30T10:00:00+02:00;1547
2021-07-30T11:00:00+02:00;403
2021-07-30T12:00:00+02:00;455
2021-07-30T13:00:00+02:00;460
2021-07-30T14:00:00+02:00;444
2021-07-30T15:00:00+02:00;296
2021-07-30T16:00:00+02:00;443
2021-07-30T17:00:00+02:00;1304
2021-07-30T18:00:00+02:00;2314
2021-07-30T19:00:00+02:00;2329
2021-07-30T20:00:00+02:00;2966
2021-07-30T21:00:00+02:00;1311
2021-07-30T22:00:00+02:00;627
2021-07-30T23:00:00+02:00;676
2021-07-31T00:00:00+02:00;655
2021-07-31T01:00:00+02:00;230
2021-07-31T02:00:00+02:00;263
2021-07-31T03:00:00+02:00;868
2021-07-31T04:00:00+02:00;370
2021-07-31T05:00:00+02:00;236
2021-07-31T06:00:00+02:00;272
2021-07-31T07:00:00+02:00;514
2021-07-31T08:00:00+02:00;243
2021-07-31T09:00:00+02:00;234
2021-07-31T10:00:00+02:00;213
2021-07-31T11:00:00+02:00;265
2021-07-31T12:00:00+02:00;223
2021-07-31T13:00:00+02:00;257
2021-07-31T14:00:00+02:00;239
2021-07-31T15:00:00+02:00;297
2021-07-31T16:00:00+02:00;264
2021-07-31T17:00:00+02:00;873
2021-07-31T18:00:00+02:00;419
2021-07-31T19:00:00+02:00;576
2021-07-31T20:00:00+02:00;220
2021-07-31T21:00:00+02:00;269
2021-07-31T22:00:00+02:00;216
2021-07-31T23:00:00+02:00;249
2021-08-01T00:00:00+02:00;230
2021-08-01T01:00:00+02:00;388
2021-08-01T02:00:00+02:00;221
2021-08-01T03:00:00+02:00;247
2021-08-01T04:00:00+02:00;216
2021-08-01T05:00:00+02:00;241
2021-08-01T06:00:00+02:00;235
2021-08-01T07:00:00+02:00;305
2021-08-01T08:00:00+02:00;772
2021-08-01T09:00:00+02:00;772
2021-08-01T10:00:00+02:00;235
2021-08-01T11:00:00+02:00;236
2021-08-01T12:00:00+02:00;248
2021-08-01T13:00:00+02:00;308
2021-08-01T14:00:00+02:00;237
2021-08-01T15:00:00+02:00;271
2021-08-01T16:00:00+02:00;217
2021-08-01T17:00:00+02:00;246
2021-08-01T18:00:00+02:00;235
2021-08-01T19:00:00+02:00;552
2021-08-01T20:00:00+02:00;235
2021-08-01T21:00:00+02:00;243
2021-08-01T22:00:00+02:00;218
2021-08-01T23:00:00+02:00;249
2021-08-02T00:00:00+02:00;1084
2021-08-02T01:00:00+02:00;221
2021-08-02T02:00:00+02:00;261
2021-08-02T03:00:00+02:00;351
2021-08-02T04:00:00+02:00;249
2021-08-02T05:00:00+02:00;232
2021-08-02T06:00:00+02:00;228
2021-08-02T07:00:00+02:00;555
2021-08-02T08:00:00+02:00;317
2021-08-02T09:00:00+02:00;1626
2021-08-02T10:00:00+02:00;2534
2021-08-02T11:00:00+02:00;2034
2021-08-02T12:00:00+02:00;419
2021-08-02T13:00:00+02:00;248
2021-08-02T14:00:00+02:00;626
2021-08-02T15:00:00+02:00;1203
2021-08-02T16:00:00+02:00;1371
2021-08-02T17:00:00+02:00;1660
2021-08-02T18:00:00+02:00;377
2021-08-02T19:00:00+02:00;264
2021-08-02T20:00:00+02:00;267
2021-08-02T21:00:00+02:00;238
2021-08-02T22:00:00+02:00;221
2021-08-02T23:00:00+02:00;255
2021-08-03T00:00:00+02:00;214
2021-08-03T01:00:00+02:00;559
2021-08-03T02:00:00+02:00;232
2021-08-03T03:00:00+02:00;240
2021-08-03T04:00:00+02:00;223
2021-08-03T05:00:00+02:00;250
2021-08-03T06:00:00+02:00;1052
2021-08-03T07:00:00+02:00;237
2021-08-03T08:00:00+02:00;237
2021-08-03T09:00:00+02:00;259
2021-08-03T10:00:00+02:00;262
2021-08-03T11:00:00+02:00;541
2021-08-03T12:00:00+02:00;220
2021-08-03T13:00:00+02:00;231
2021-08-03T14:00:00+02:00;224
2021-08-03T15:00:00+02:00;540
2021-08-03T16:00:00+02:00;2509
2021-08-03T17:00:00+02:00;3143
2021-08-03T18:00:00+02:00;3670
2021-08-03T19:00:00+02:00;1712
2021-08-03T20:00:00+02:00;254
2021-08-03T21:00:00+02:00;1078
2021-08-03T22:00:00+02:00;242
2021-08-03T23:00:00+02:00;540
2021-08-04T00:00:00+02:00;231
2021-08-04T01:00:00+02:00;236
2021-08-04T02:00:00+02:00;239
2021-08-04T03:00:00+02:00;369
2021-08-04T04:00:00+02:00;264
2021-08-04T05:00:00+02:00;208
2021-08-04T06:00:00+02:00;253
2021-08-04T07:00:00+02:00;224
2021-08-04T08:00:00+02:00;226
2021-08-04T09:00:00+02:00;786
2021-08-04T10:00:00+02:00;1084
2021-08-04T11:00:00+02:00;2224
2021-08-04T12:00:00+02:00;1778
2021-08-04T13:00:00+02:00;256
2021-08-04T14:00:00+02:00;394
2021-08-04T15:00:00+02:00;2068
2021-08-04T16:00:00+02:00;607
2021-08-04T17:00:00+02:00;287
2021-08-04T18:00:00+02:00;252
2021-08-04T19:00:00+02:00;216
2021-08-04T20:00:00+02:00;241
2021-08-04T21:00:00+02:00;234
2021-08-04T22:00:00+02:00;556
2021-08-04T23:00:00+02:00;219
2021-08-05T00:00:00+02:00;236
2021-08-05T01:00:00+02:00;239
2021-08-05T02:00:00+02:00;219
2021-08-05T03:00:00+02:00;1106
2021-08-05T04:00:00+02:00;205
2021-08-05T05:00:00+02:00;252
2021-08-05T06:00:00+02:00;231
2021-08-05T07:00:00+02:00;208
2021-08-05T08:00:00+02:00;258
2021-08-05T09:00:00+02:00;3556
2021-08-05T10:00:00+02:00;5312
2021-08-05T11:00:00+02:00;2659
2021-08-05T12:00:00+02:00;3087
2021-08-05T13:00:00+02:00;883
2021-08-05T14:00:00+02:00;258
2021-08-05T15:00:00+02:00;284
2021-08-05T16:00:00+02:00;261
2021-08-05T17:00:00+02:00;5108
2021-08-05T18:00:00+02:00;1092
2021-08-05T19:00:00+02:00;259
2021-08-05T20:00:00+02:00;256
2021-08-05T21:00:00+02:00;254
2021-08-05T22:00:00+02:00;564
2021-08-05T23:00:00+02:00;268
2021-08-06T00:00:00+02:00;217
2021-08-06T01:00:00+02:00;242
2021-08-06T02:00:00+02:00;235
2021-08-06T03:00:00+02:00;216
2021-08-06T04:00:00+02:00;270
2021-08-06T05:00:00+02:00;209
2021-08-06T06:00:00+02:00;236
2021-08-06T07:00:00+02:00;232
2021-08-06T08:00:00+02:00;719
2021-08-06T09:00:00+02:00;2792
2021-08-06T10:00:00+02:00;895
2021-08-06T11:00:00+02:00;495
2021-08-06T12:00:00+02:00;627
2021-08-06T13:00:00+02:00;265
2021-08-06T14:00:00+02:00;1781
2021-08-06T15:00:00+02:00;2644
2021-08-06T16:00:00+02:00;3615
2021-08-06T17:00:00+02:00;2453
2021-08-06T18:00:00+02:00;1719
2021-08-06T19:00:00+02:00;267
2021-08-06T20:00:00+02:00;534
2021-08-06T21:00:00+02:00;293
2021-08-06T22:00:00+02:00;221
2021-08-06T23:00:00+02:00;645
2021-08-07T00:00:00+02:00;725
2021-08-07T01:00:00+02:00;227
2021-08-07T02:00:00+02:00;260
2021-08-07T03:00:00+02:00;236
2021-08-07T04:00:00+02:00;255
2021-08-07T05:00:00+02:00;240
2021-08-07T06:00:00+02:00;259
2021-08-07T07:00:00+02:00;379
2021-08-07T08:00:00+02:00;573
2021-08-07T09:00:00+02:00;244
2021-08-07T10:00:00+02:00;238
2021-08-07T11:00:00+02:00;260
2021-08-07T12:00:00+02:00;212
2021-08-07T13:00:00+02:00;283
2021-08-07T14:00:00+02:00;424
2021-08-07T15:00:00+02:00;925
2021-08-07T16:00:00+02:00;249
2021-08-07T17:00:00+02:00;347
2021-08-07T18:00:00+02:00;259
2021-08-07T19:00:00+02:00;258
2021-08-07T20:00:00+02:00;551
2021-08-07T21:00:00+02:00;263
2021-08-07T22:00:00+02:00;223
2021-08-07T23:00:00+02:00;268
2021-08-08T00:00:00+02:00;227
2021-08-08T01:00:00+02:00;250
2021-08-08T02:00:00+02:00;246
2021-08-08T03:00:00+02:00;243
2021-08-08T04:00:00+02:00;240
2021-08-08T05:00:00+02:00;742
2021-08-08T06:00:00+02:00;600
2021-08-08T07:00:00+02:00;237
2021-08-08T08:00:00+02:00;573
2021-08-08T09:00:00+02:00;216
2021-08-08T10:00:00+02:00;270
2021-08-08T11:00:00+02:00;219
2021-08-08T12:00:00+02:00;238
2021-08-08T13:00:00+02:00;253
2021-08-08T14:00:00+02:00;219
2021-08-08T15:00:00+02:00;328
2021-08-08T16:00:00+02:00;239
2021-08-08T17:00:00+02:00;261
2021-08-08T18:00:00+02:00;400
2021-08-08T19:00:00+02:00;518
2021-08-08T20:00:00+02:00;1234
2021-08-08T21:00:00+02:00;259
2021-08-08T22:00:00+02:00;207
2021-08-08T23:00:00+02:00;273
2021-08-09T00:00:00+02:00;210
2021-08-09T01:00:00+02:00;248
2021-08-09T02:00:00+02:00;228
2021-08-09T03:00:00+02:00;239
2021-08-09T04:00:00+02:00;218
2021-08-09T05:00:00+02:00;258
2021-08-09T06:00:00+02:00;207
2021-08-09T07:00:00+02:00;571
2021-08-09T08:00:00+02:00;280
2021-08-09T09:00:00+02:00;2442
2021-08-09T10:00:00+02:00;3994
2021-08-09T11:00:00+02:00;2361
2021-08-09T12:00:00+02:00;835
2021-08-09T13:00:00+02:00;226
2021-08-09T14:00:00+02:00;2122
2021-08-09T15:00:00+02:00;3689
2021-08-09T16:00:00+02:00;5998
2021-08-09T17:00:00+02:00;6337
2021-08-09T18:00:00+02:00;344
2021-08-09T19:00:00+02:00;259
2021-08-09T20:00:00+02:00;264
2021-08-09T21:00:00+02:00;313
2021-08-09T22:00:00+02:00;253
2021-08-09T23:00:00+02:00;241
2021-08-10T00:00:00+02:00;226
2021-08-10T01:00:00+02:00;258
2021-08-10T02:00:00+02:00;1051
2021-08-10T03:00:00+02:00;582
2021-08-10T04:00:00+02:00;219
2021-08-10T05:00:00+02:00;248
2021-08-10T06:00:00+02:00;240
2021-08-10T07:00:00+02:00;248
2021-08-10T08:00:00+02:00;227
2021-08-10T09:00:00+02:00;2103
2021-08-10T10:00:00+02:00;2344
2021-08-10T11:00:00+02:00;1803
2021-08-10T12:00:00+02:00;2374
2021-08-10T13:00:00+02:00;243
2021-08-10T15:00:00+02:00;314
2021-08-10T16:00:00+02:00;425
2021-08-10T17:00:00+02:00;1050
2021-08-10T18:00:00+02:00;281
2021-08-10T19:00:00+02:00;261
2021-08-10T20:00:00+02:00;286
2021-08-10T21:00:00+02:00;541
2021-08-10T22:00:00+02:00;248
2021-08-10T23:00:00+02:00;260
2021-08-12T00:00:00+02:00;1102
2021-08-12T01:00:00+02:00;280
2021-08-12T02:00:00+02:00;236
2021-08-12T03:00:00+02:00;254
2021-08-12T04:00:00+02:00;245
2021-08-12T05:00:00+02:00;239
2021-08-12T06:00:00+02:00;249
2021-08-12T07:00:00+02:00;238
2021-08-12T08:00:00+02:00;255
2021-08-12T09:00:00+02:00;490
2021-08-12T10:00:00+02:00;362
2021-08-12T11:00:00+02:00;553
2021-08-12T12:00:00+02:00;688
2021-08-12T13:00:00+02:00;276
2021-08-12T14:00:00+02:00;471
2021-08-12T15:00:00+02:00;2602
2021-08-12T16:00:00+02:00;1175
2021-08-12T17:00:00+02:00;312
2021-08-12T18:00:00+02:00;1833
2021-08-12T19:00:00+02:00;1725
2021-08-12T20:00:00+02:00;3151
2021-08-12T21:00:00+02:00;434
2021-08-12T22:00:00+02:00;760
2021-08-12T23:00:00+02:00;875
2021-08-13T00:00:00+02:00;578
2021-08-13T01:00:00+02:00;267
2021-08-13T02:00:00+02:00;229
2021-08-13T03:00:00+02:00;849
2021-08-13T04:00:00+02:00;260
2021-08-13T05:00:00+02:00;237
2021-08-13T06:00:00+02:00;252
2021-08-13T07:00:00+02:00;238
2021-08-13T08:00:00+02:00;329
2021-08-13T09:00:00+02:00;343
2021-08-13T10:00:00+02:00;1099
2021-08-13T11:00:00+02:00;1432
2021-08-13T12:00:00+02:00;844
2021-08-13T13:00:00+02:00;636
2021-08-13T14:00:00+02:00;368
2021-08-13T15:00:00+02:00;1020
2021-08-13T16:00:00+02:00;1045
2021-08-13T17:00:00+02:00;1132
2021-08-13T18:00:00+02:00;1236
2021-08-13T19:00:00+02:00;1135
2021-08-13T20:00:00+02:00;2620
2021-08-13T21:00:00+02:00;1392
2021-08-13T22:00:00+02:00;1109
2021-08-13T23:00:00+02:00;2082
2021-08-14T00:00:00+02:00;590
2021-08-14T01:00:00+02:00;532
2021-08-14T02:00:00+02:00;413
2021-08-14T03:00:00+02:00;298
2021-08-14T04:00:00+02:00;299
2021-08-14T05:00:00+02:00;309
2021-08-14T06:00:00+02:00;311
2021-08-14T07:00:00+02:00;936
2021-08-14T08:00:00+02:00;370
2021-08-14T09:00:00+02:00;346
2021-08-14T10:00:00+02:00;2188
2021-08-14T11:00:00+02:00;512
2021-08-14T12:00:00+02:00;860
2021-08-14T13:00:00+02:00;1991
2021-08-14T14:00:00+02:00;1197
2021-08-14T15:00:00+02:00;440
2021-08-14T16:00:00+02:00;424
2021-08-14T17:00:00+02:00;608
2021-08-14T18:00:00+02:00;1311
2021-08-14T19:00:00+02:00;695
2021-08-14T20:00:00+02:00;1983
2021-08-14T21:00:00+02:00;2884
2021-08-14T22:00:00+02:00;1417
2021-08-14T23:00:00+02:00;731
2021-08-15T00:00:00+02:00;262
2021-08-15T01:00:00+02:00;278
2021-08-15T02:00:00+02:00;275
2021-08-15T03:00:00+02:00;719
2021-08-15T04:00:00+02:00;276
2021-08-15T05:00:00+02:00;265
2021-08-15T06:00:00+02:00;255
2021-08-15T07:00:00+02:00;448
2021-08-15T08:00:00+02:00;1970
2021-08-15T09:00:00+02:00;857
2021-08-15T10:00:00+02:00;332
2021-08-15T11:00:00+02:00;261
2021-08-15T12:00:00+02:00;406
2021-08-15T13:00:00+02:00;283
2021-08-15T14:00:00+02:00;273
2021-08-15T15:00:00+02:00;1534
2021-08-15T16:00:00+02:00;2503
2021-08-15T17:00:00+02:00;1391
2021-08-15T18:00:00+02:00;2043
2021-08-15T19:00:00+02:00;1814
2021-08-15T20:00:00+02:00;1641
2021-08-15T21:00:00+02:00;547
2021-08-15T22:00:00+02:00;2971
2021-08-15T23:00:00+02:00;1873
2021-08-16T00:00:00+02:00;867
2021-08-16T01:00:00+02:00;724
2021-08-16T02:00:00+02:00;297
2021-08-16T03:00:00+02:00;275
2021-08-16T04:00:00+02:00;432
2021-08-16T05:00:00+02:00;439
2021-08-16T06:00:00+02:00;260
2021-08-16T07:00:00+02:00;1165
2021-08-16T08:00:00+02:00;2028
2021-08-16T09:00:00+02:00;2064
2021-08-16T10:00:00+02:00;544
2021-08-16T11:00:00+02:00;2700
2021-08-16T12:00:00+02:00;2372
2021-08-16T13:00:00+02:00;2099
2021-08-16T14:00:00+02:00;1375
2021-08-16T15:00:00+02:00;2570
2021-08-16T16:00:00+02:00;1068
2021-08-16T17:00:00+02:00;948
2021-08-16T18:00:00+02:00;1772
2021-08-16T19:00:00+02:00;1559
2021-08-16T20:00:00+02:00;285
2021-08-16T21:00:00+02:00;265
2021-08-16T22:00:00+02:00;264
2021-08-16T23:00:00+02:00;304
2021-08-17T00:00:00+02:00;291
2021-08-17T01:00:00+02:00;278
2021-08-17T02:00:00+02:00;482
2021-08-17T03:00:00+02:00;657
2021-08-17T04:00:00+02:00;260
2021-08-17T05:00:00+02:00;249
2021-08-17T06:00:00+02:00;422
2021-08-17T07:00:00+02:00;804
2021-08-17T08:00:00+02:00;1235
2021-08-17T09:00:00+02:00;291
2021-08-17T10:00:00+02:00;379
2021-08-17T11:00:00+02:00;378
2021-08-17T12:00:00+02:00;1444
2021-08-17T13:00:00+02:00;1992
2021-08-17T14:00:00+02:00;2241
2021-08-17T15:00:00+02:00;316
2021-08-17T16:00:00+02:00;646
2021-08-17T17:00:00+02:00;3198
2021-08-17T18:00:00+02:00;421
2021-08-17T19:00:00+02:00;1052
2021-08-17T20:00:00+02:00;1531
2021-08-17T21:00:00+02:00;753
2021-08-17T22:00:00+02:00;2679
2021-08-17T23:00:00+02:00;347
2021-08-18T00:00:00+02:00;393
2021-08-18T01:00:00+02:00;321
2021-08-18T02:00:00+02:00;323
2021-08-18T03:00:00+02:00;276
2021-08-18T04:00:00+02:00;856
2021-08-18T05:00:00+02:00;318
2021-08-18T06:00:00+02:00;295
2021-08-18T07:00:00+02:00;337
2021-08-18T08:00:00+02:00;681
2021-08-18T09:00:00+02:00;340
2021-08-18T10:00:00+02:00;364
2021-08-18T11:00:00+02:00;1491
2021-08-18T12:00:00+02:00;897
2021-08-18T13:00:00+02:00;1692
2021-08-18T14:00:00+02:00;620
2021-08-18T15:00:00+02:00;954
2021-08-18T16:00:00+02:00;2447
2021-08-18T17:00:00+02:00;688
2021-08-18T18:00:00+02:00;366
2021-08-18T19:00:00+02:00;345
2021-08-18T20:00:00+02:00;1159
2021-08-18T21:00:00+02:00;878
2021-08-18T22:00:00+02:00;1409
2021-08-18T23:00:00+02:00;297
2021-08-19T00:00:00+02:00;349
2021-08-19T01:00:00+02:00;466
2021-08-19T02:00:00+02:00;285
2021-08-19T03:00:00+02:00;288
2021-08-19T04:00:00+02:00;293
2021-08-19T05:00:00+02:00;469
2021-08-19T06:00:00+02:00;663
2021-08-19T07:00:00+02:00;298
2021-08-19T08:00:00+02:00;376
2021-08-19T09:00:00+02:00;1465
2021-08-19T10:00:00+02:00;1087
2021-08-19T11:00:00+02:00;671
2021-08-19T12:00:00+02:00;2162
2021-08-19T13:00:00+02:00;2143
2021-08-19T14:00:00+02:00;502
2021-08-19T15:00:00+02:00;477
2021-08-19T16:00:00+02:00;423
2021-08-19T17:00:00+02:00;1166
2021-08-19T18:00:00+02:00;1013
2021-08-19T19:00:00+02:00;1200
2021-08-19T20:00:00+02:00;1160
2021-08-19T21:00:00+02:00;893
2021-08-19T22:00:00+02:00;1920
2021-08-19T23:00:00+02:00;717
2021-08-20T00:00:00+02:00;275
2021-08-20T01:00:00+02:00;284
2021-08-20T02:00:00+02:00;291
2021-08-20T03:00:00+02:00;295
2021-08-20T04:00:00+02:00;308
2021-08-20T05:00:00+02:00;688
2021-08-20T06:00:00+02:00;643
2021-08-20T07:00:00+02:00;1494
2021-08-20T08:00:00+02:00;1169
2021-08-20T09:00:00+02:00;5005
2021-08-20T10:00:00+02:00;1714
2021-08-20T11:00:00+02:00;657
2021-08-20T12:00:00+02:00;3030
2021-08-20T13:00:00+02:00;1653
2021-08-20T14:00:00+02:00;2345
2021-08-20T15:00:00+02:00;1561
2021-08-20T16:00:00+02:00;4808
2021-08-20T17:00:00+02:00;1258
2021-08-20T18:00:00+02:00;714
2021-08-20T19:00:00+02:00;438
2021-08-20T20:00:00+02:00;1632
2021-08-20T21:00:00+02:00;313
2021-08-20T22:00:00+02:00;349
2021-08-20T23:00:00+02:00;363
2021-08-21T00:00:00+02:00;299
2021-08-21T01:00:00+02:00;256
2021-08-21T02:00:00+02:00;304
2021-08-21T03:00:00+02:00;871
2021-08-21T04:00:00+02:00;285
2021-08-21T05:00:00+02:00;406
2021-08-21T06:00:00+02:00;472
2021-08-21T07:00:00+02:00;268
2021-08-21T08:00:00+02:00;923
2021-08-21T09:00:00+02:00;458
2021-08-21T10:00:00+02:00;279
2021-08-21T11:00:00+02:00;1257
2021-08-21T12:00:00+02:00;261
2021-08-21T13:00:00+02:00;1597
2021-08-21T14:00:00+02:00;1988
2021-08-21T15:00:00+02:00;3774
2021-08-21T16:00:00+02:00;1292
2021-08-21T17:00:00+02:00;618
2021-08-21T18:00:00+02:00;1926
2021-08-21T19:00:00+02:00;2208
2021-08-21T20:00:00+02:00;1343
2021-08-21T21:00:00+02:00;902
2021-08-21T22:00:00+02:00;1383
2021-08-21T23:00:00+02:00;398
2021-08-22T00:00:00+02:00;315
2021-08-22T01:00:00+02:00;319
2021-08-22T02:00:00+02:00;298
2021-08-22T03:00:00+02:00;286
2021-08-22T04:00:00+02:00;326
2021-08-22T05:00:00+02:00;863
2021-08-22T06:00:00+02:00;401
2021-08-22T07:00:00+02:00;500
2021-08-22T08:00:00+02:00;435
2021-08-22T09:00:00+02:00;646
2021-08-22T10:00:00+02:00;1882
2021-08-22T11:00:00+02:00;745
2021-08-22T12:00:00+02:00;537
2021-08-22T13:00:00+02:00;542
2021-08-22T14:00:00+02:00;726
2021-08-22T15:00:00+02:00;1395
2021-08-22T16:00:00+02:00;551
2021-08-22T17:00:00+02:00;1665
2021-08-22T18:00:00+02:00;1564
2021-08-22T19:00:00+02:00;1244
2021-08-22T20:00:00+02:00;1171
2021-08-22T21:00:00+02:00;574
2021-08-22T22:00:00+02:00;3363
2021-08-22T23:00:00+02:00;1546
2021-08-23T00:00:00+02:00;335
2021-08-23T01:00:00+02:00;310
2021-08-23T02:00:00+02:00;317
2021-08-23T03:00:00+02:00;305
2021-08-23T04:00:00+02:00;319
2021-08-23T05:00:00+02:00;312
2021-08-23T06:00:00+02:00;282
2021-08-23T07:00:00+02:00;678
2021-08-23T08:00:00+02:00;2495
2021-08-23T09:00:00+02:00;1910
2021-08-23T10:00:00+02:00;1525
2021-08-23T11:00:00+02:00;5665
2021-08-23T12:00:00+02:00;10803
2021-08-23T13:00:00+02:00;1698
2021-08-23T14:00:00+02:00;631
2021-08-23T15:00:00+02:00;526
2021-08-23T16:00:00+02:00;1161
2021-08-23T17:00:00+02:00;3913
2021-08-23T18:00:00+02:00;2347
2021-08-23T19:00:00+02:00;1823
2021-08-23T20:00:00+02:00;2775
2021-08-23T21:00:00+02:00;2179
2021-08-23T22:00:00+02:00;2420
2021-08-23T23:00:00+02:00;1700
2021-08-24T00:00:00+02:00;961
2021-08-24T01:00:00+02:00;854
2021-08-24T02:00:00+02:00;835
2021-08-24T03:00:00+02:00;845
2021-08-24T04:00:00+02:00;1000
2021-08-24T05:00:00+02:00;823
2021-08-24T06:00:00+02:00;845
2021-08-24T07:00:00+02:00;1637
2021-08-24T08:00:00+02:00;698
2021-08-24T09:00:00+02:00;2043
2021-08-24T10:00:00+02:00;1556
2021-08-24T11:00:00+02:00;309
2021-08-24T12:00:00+02:00;1547
2021-08-24T13:00:00+02:00;598
2021-08-24T14:00:00+02:00;5066
2021-08-24T15:00:00+02:00;4607
2021-08-24T16:00:00+02:00;3612
2021-08-24T17:00:00+02:00;3657
2021-08-24T18:00:00+02:00;4363
2021-08-24T19:00:00+02:00;880
2021-08-24T20:00:00+02:00;1440
2021-08-24T21:00:00+02:00;2765
2021-08-24T22:00:00+02:00;2521
2021-08-24T23:00:00+02:00;829
2021-08-25T00:00:00+02:00;388
2021-08-25T01:00:00+02:00;287
2021-08-25T02:00:00+02:00;308
2021-08-25T03:00:00+02:00;326
2021-08-25T04:00:00+02:00;331
2021-08-25T05:00:00+02:00;347
2021-08-25T06:00:00+02:00;314
2021-08-25T07:00:00+02:00;805
2021-08-25T08:00:00+02:00;2357
2021-08-25T09:00:00+02:00;1814
2021-08-25T10:00:00+02:00;2325
2021-08-25T11:00:00+02:00;5634
2021-08-25T12:00:00+02:00;4169
2021-08-25T13:00:00+02:00;2079
2021-08-25T14:00:00+02:00;1619
2021-08-25T15:00:00+02:00;5747
2021-08-25T16:00:00+02:00;7986
2021-08-25T17:00:00+02:00;6018
2021-08-25T18:00:00+02:00;729
2021-08-25T19:00:00+02:00;1597
2021-08-25T20:00:00+02:00;383
2021-08-25T21:00:00+02:00;510
2021-08-25T22:00:00+02:00;2098
2021-08-25T23:00:00+02:00;1334
2021-08-26T00:00:00+02:00;339
2021-08-26T01:00:00+02:00;302
2021-08-26T02:00:00+02:00;303
2021-08-26T03:00:00+02:00;315
2021-08-26T04:00:00+02:00;281
2021-08-26T05:00:00+02:00;301
2021-08-26T06:00:00+02:00;613
2021-08-26T07:00:00+02:00;935
2021-08-26T08:00:00+02:00;2628
2021-08-26T09:00:00+02:00;2610
2021-08-26T10:00:00+02:00;3669
2021-08-26T11:00:00+02:00;1844
2021-08-26T12:00:00+02:00;1976
2021-08-26T13:00:00+02:00;723
2021-08-26T14:00:00+02:00;3245
2021-08-26T15:00:00+02:00;6856
2021-08-26T16:00:00+02:00;4860
2021-08-26T17:00:00+02:00;2859
2021-08-26T18:00:00+02:00;2358
2021-08-26T19:00:00+02:00;2067
2021-08-26T20:00:00+02:00;349
2021-08-26T21:00:00+02:00;313
2021-08-26T22:00:00+02:00;564
2021-08-26T23:00:00+02:00;853
2021-08-27T00:00:00+02:00;588
2021-08-27T01:00:00+02:00;328
2021-08-27T02:00:00+02:00;313
2021-08-27T03:00:00+02:00;948
2021-08-27T04:00:00+02:00;324
2021-08-27T05:00:00+02:00;304
2021-08-27T06:00:00+02:00;514
2021-08-27T07:00:00+02:00;615
2021-08-27T08:00:00+02:00;1719
2021-08-27T09:00:00+02:00;4314
2021-08-27T10:00:00+02:00;5853
2021-08-27T11:00:00+02:00;4106
2021-08-27T12:00:00+02:00;2547
2021-08-27T13:00:00+02:00;3521
2021-08-27T14:00:00+02:00;2911
2021-08-27T15:00:00+02:00;2858
2021-08-27T16:00:00+02:00;4405
2021-08-27T17:00:00+02:00;2977
2021-08-27T18:00:00+02:00;583
2021-08-27T19:00:00+02:00;891
2021-08-27T20:00:00+02:00;2151
2021-08-27T21:00:00+02:00;1651
2021-08-27T22:00:00+02:00;1733
2021-08-27T23:00:00+02:00;2030
2021-08-28T00:00:00+02:00;392
2021-08-28T01:00:00+02:00;310
2021-08-28T02:00:00+02:00;317
2021-08-28T03:00:00+02:00;307
2021-08-28T04:00:00+02:00;284
2021-08-28T05:00:00+02:00;347
2021-08-28T06:00:00+02:00;356
2021-08-28T07:00:00+02:00;2168
2021-08-28T08:00:00+02:00;2078
2021-08-28T09:00:00+02:00;1671
2021-08-28T10:00:00+02:00;333
2021-08-28T11:00:00+02:00;300
2021-08-28T12:00:00+02:00;286
2021-08-28T13:00:00+02:00;456
2021-08-28T14:00:00+02:00;284
2021-08-28T15:00:00+02:00;315
2021-08-28T16:00:00+02:00;292
2021-08-28T17:00:00+02:00;291
2021-08-28T18:00:00+02:00;2173
2021-08-28T19:00:00+02:00;1104
2021-08-28T20:00:00+02:00;1493
2021-08-28T21:00:00+02:00;2646
2021-08-28T22:00:00+02:00;1565
2021-08-28T23:00:00+02:00;425
2021-08-29T00:00:00+02:00;390
2021-08-29T01:00:00+02:00;348
2021-08-29T02:00:00+02:00;394
2021-08-29T03:00:00+02:00;378
2021-08-29T04:00:00+02:00;592
2021-08-29T05:00:00+02:00;733
2021-08-29T06:00:00+02:00;340
2021-08-29T07:00:00+02:00;746
2021-08-29T08:00:00+02:00;397
2021-08-29T09:00:00+02:00;545
2021-08-29T10:00:00+02:00;969
2021-08-29T11:00:00+02:00;387
2021-08-29T12:00:00+02:00;813
2021-08-29T13:00:00+02:00;1077
2021-08-29T14:00:00+02:00;313
2021-08-29T15:00:00+02:00;324
2021-08-29T16:00:00+02:00;354
2021-08-29T17:00:00+02:00;302
2021-08-29T18:00:00+02:00;372
2021-08-29T19:00:00+02:00;626
2021-08-29T20:00:00+02:00;499
2021-08-29T21:00:00+02:00;2684
2021-08-29T22:00:00+02:00;2210
2021-08-29T23:00:00+02:00;1125
2021-08-30T00:00:00+02:00;275
2021-08-30T01:00:00+02:00;313
2021-08-30T02:00:00+02:00;304
2021-08-30T03:00:00+02:00;300
2021-08-30T04:00:00+02:00;284
2021-08-30T05:00:00+02:00;453
2021-08-30T06:00:00+02:00;623
2021-08-30T07:00:00+02:00;1276
2021-08-30T08:00:00+02:00;1718
2021-08-30T09:00:00+02:00;2615
2021-08-30T10:00:00+02:00;799
2021-08-30T11:00:00+02:00;1649
2021-08-30T12:00:00+02:00;2572
2021-08-30T13:00:00+02:00;452
2021-08-30T14:00:00+02:00;377
2021-08-30T15:00:00+02:00;428
2021-08-30T16:00:00+02:00;901
2021-08-30T17:00:00+02:00;367
2021-08-30T18:00:00+02:00;2201
2021-08-30T19:00:00+02:00;1194
2021-08-30T20:00:00+02:00;693
2021-08-30T21:00:00+02:00;1675
2021-08-30T22:00:00+02:00;1505
2021-08-30T23:00:00+02:00;740
2021-08-31T00:00:00+02:00;306
2021-08-31T01:00:00+02:00;297
2021-08-31T02:00:00+02:00;322
2021-08-31T03:00:00+02:00;271
2021-08-31T04:00:00+02:00;324
2021-08-31T05:00:00+02:00;563
2021-08-31T06:00:00+02:00;510
2021-08-31T07:00:00+02:00;1509
2021-08-31T08:00:00+02:00;2425
2021-08-31T09:00:00+02:00;3196
2021-08-31T10:00:00+02:00;3468
2021-08-31T11:00:00+02:00;2050
2021-08-31T12:00:00+02:00;2246
2021-08-31T13:00:00+02:00;2334
2021-08-31T14:00:00+02:00;1205
2021-08-31T15:00:00+02:00;834
2021-08-31T16:00:00+02:00;828
2021-08-31T17:00:00+02:00;893
2021-08-31T18:00:00+02:00;1481
2021-08-31T19:00:00+02:00;1389
2021-08-31T20:00:00+02:00;2284
2021-08-31T21:00:00+02:00;1375
2021-08-31T22:00:00+02:00;1691
2021-08-31T23:00:00+02:00;380
2021-09-01T00:00:00+02:00;324
2021-09-01T01:00:00+02:00;300
2021-09-01T02:00:00+02:00;262
2021-09-01T03:00:00+02:00;310
2021-09-01T04:00:00+02:00;595
2021-09-01T05:00:00+02:00;557
2021-09-01T06:00:00+02:00;589
2021-09-01T07:00:00+02:00;917
2021-09-01T08:00:00+02:00;1989
2021-09-01T09:00:00+02:00;4361
2021-09-01T10:00:00+02:00;3461
2021-09-01T11:00:00+02:00;2262
2021-09-01T12:00:00+02:00;1605
2021-09-01T13:00:00+02:00;592
2021-09-01T14:00:00+02:00;1071
2021-09-01T15:00:00+02:00;1060
2021-09-01T16:00:00+02:00;903
2021-09-01T17:00:00+02:00;505
2021-09-01T18:00:00+02:00;656
2021-09-01T19:00:00+02:00;1779
2021-09-01T20:00:00+02:00;1873
2021-09-01T21:00:00+02:00;1948
2021-09-01T22:00:00+02:00;1392
2021-09-01T23:00:00+02:00;913
2021-09-02T00:00:00+02:00;297
2021-09-02T01:00:00+02:00;286
2021-09-02T02:00:00+02:00;389
2021-09-02T03:00:00+02:00;588
2021-09-02T04:00:00+02:00;269
2021-09-02T05:00:00+02:00;305
2021-09-02T06:00:00+02:00;846
2021-09-02T07:00:00+02:00;984
2021-09-02T08:00:00+02:00;1145
2021-09-02T09:00:00+02:00;906
2021-09-02T10:00:00+02:00;1154
2021-09-02T11:00:00+02:00;635
2021-09-02T12:00:00+02:00;303
2021-09-02T13:00:00+02:00;1551
2021-09-02T14:00:00+02:00;1759
2021-09-02T15:00:00+02:00;1594
2021-09-02T16:00:00+02:00;2921
2021-09-02T17:00:00+02:00;3451
2021-09-02T18:00:00+02:00;3271
2021-09-02T19:00:00+02:00;2393
2021-09-02T20:00:00+02:00;1324
2021-09-02T21:00:00+02:00;1360
2021-09-02T22:00:00+02:00;903
2021-09-02T23:00:00+02:00;300
2021-09-03T00:00:00+02:00;287
2021-09-03T01:00:00+02:00;302
2021-09-03T02:00:00+02:00;498
2021-09-03T03:00:00+02:00;971
2021-09-03T04:00:00+02:00;272
2021-09-03T05:00:00+02:00;472
2021-09-03T06:00:00+02:00;379
2021-09-03T07:00:00+02:00;1576
2021-09-03T08:00:00+02:00;2304
2021-09-03T09:00:00+02:00;1077
2021-09-03T10:00:00+02:00;788
2021-09-03T11:00:00+02:00;777
2021-09-03T12:00:00+02:00;304
2021-09-03T13:00:00+02:00;691
2021-09-03T14:00:00+02:00;736
2021-09-03T15:00:00+02:00;339
2021-09-03T16:00:00+02:00;1006
2021-09-03T17:00:00+02:00;2174
2021-09-03T18:00:00+02:00;1593
2021-09-03T19:00:00+02:00;673
2021-09-03T20:00:00+02:00;1382
2021-09-03T21:00:00+02:00;1612
2021-09-03T22:00:00+02:00;1902
2021-09-03T23:00:00+02:00;318
2021-09-04T00:00:00+02:00;341
2021-09-04T01:00:00+02:00;274
2021-09-04T02:00:00+02:00;604
2021-09-04T03:00:00+02:00;316
2021-09-04T04:00:00+02:00;348
2021-09-04T05:00:00+02:00;813
2021-09-04T06:00:00+02:00;295
2021-09-04T07:00:00+02:00;654
2021-09-04T08:00:00+02:00;1149
2021-09-04T09:00:00+02:00;1190
2021-09-04T10:00:00+02:00;1401
2021-09-04T11:00:00+02:00;3145
2021-09-04T12:00:00+02:00;1614
2021-09-04T13:00:00+02:00;1730
2021-09-04T14:00:00+02:00;1722
2021-09-04T15:00:00+02:00;489
2021-09-04T16:00:00+02:00;368
2021-09-04T17:00:00+02:00;1146
2021-09-04T18:00:00+02:00;2842
2021-09-04T19:00:00+02:00;998
2021-09-04T20:00:00+02:00;667
2021-09-04T21:00:00+02:00;1087
2021-09-04T22:00:00+02:00;1822
2021-09-04T23:00:00+02:00;298
2021-09-05T00:00:00+02:00;350
2021-09-05T01:00:00+02:00;329
2021-09-05T02:00:00+02:00;598
2021-09-05T03:00:00+02:00;279
2021-09-05T04:00:00+02:00;282
2021-09-05T05:00:00+02:00;274
2021-09-05T06:00:00+02:00;298
2021-09-05T07:00:00+02:00;267
2021-09-05T08:00:00+02:00;756
2021-09-05T09:00:00+02:00;1637
2021-09-05T10:00:00+02:00;578
2021-09-05T11:00:00+02:00;356
2021-09-05T12:00:00+02:00;277
2021-09-05T13:00:00+02:00;574
2021-09-05T14:00:00+02:00;667
2021-09-05T15:00:00+02:00;333
2021-09-05T16:00:00+02:00;389
2021-09-05T17:00:00+02:00;1167
2021-09-05T18:00:00+02:00;1477
2021-09-05T19:00:00+02:00;1280
2021-09-05T20:00:00+02:00;863
2021-09-05T21:00:00+02:00;1500
2021-09-05T22:00:00+02:00;316
2021-09-05T23:00:00+02:00;321
2021-09-06T00:00:00+02:00;299
2021-09-06T01:00:00+02:00;607
2021-09-06T02:00:00+02:00;297
2021-09-06T03:00:00+02:00;257
2021-09-06T04:00:00+02:00;851
2021-09-06T05:00:00+02:00;265
2021-09-06T06:00:00+02:00;329
2021-09-06T07:00:00+02:00;804
2021-09-06T08:00:00+02:00;2879
2021-09-06T09:00:00+02:00;848
2021-09-06T10:00:00+02:00;1505
2021-09-06T11:00:00+02:00;746
2021-09-06T12:00:00+02:00;837
2021-09-06T13:00:00+02:00;997
2021-09-06T14:00:00+02:00;1178
2021-09-06T15:00:00+02:00;1345
2021-09-06T16:00:00+02:00;2234
2021-09-06T17:00:00+02:00;6805
2021-09-06T18:00:00+02:00;2353
2021-09-06T19:00:00+02:00;3128
2021-09-06T20:00:00+02:00;1305
2021-09-06T21:00:00+02:00;1145
2021-09-06T22:00:00+02:00;434
2021-09-06T23:00:00+02:00;487
2021-09-07T00:00:00+02:00;298
2021-09-07T01:00:00+02:00;614
2021-09-07T02:00:00+02:00;291
2021-09-07T03:00:00+02:00;840
2021-09-07T04:00:00+02:00;277
2021-09-07T05:00:00+02:00;294
2021-09-07T06:00:00+02:00;296
2021-09-07T07:00:00+02:00;1217
2021-09-07T08:00:00+02:00;4182
2021-09-07T09:00:00+02:00;4489
2021-09-07T10:00:00+02:00;3708
2021-09-07T11:00:00+02:00;3913
2021-09-07T12:00:00+02:00;4167
2021-09-07T13:00:00+02:00;2864
2021-09-07T14:00:00+02:00;3666
2021-09-07T15:00:00+02:00;4292
2021-09-07T16:00:00+02:00;1573
2021-09-07T17:00:00+02:00;2472
2021-09-07T18:00:00+02:00;515
2021-09-07T19:00:00+02:00;493
2021-09-07T20:00:00+02:00;2022
2021-09-07T21:00:00+02:00;1297
2021-09-07T22:00:00+02:00;539
2021-09-07T23:00:00+02:00;407
2021-09-08T00:00:00+02:00;366
2021-09-08T01:00:00+02:00;790
2021-09-08T02:00:00+02:00;895
2021-09-08T03:00:00+02:00;300
2021-09-08T04:00:00+02:00;271
2021-09-08T05:00:00+02:00;279
2021-09-08T06:00:00+02:00;287
2021-09-08T07:00:00+02:00;892
2021-09-08T08:00:00+02:00;817
2021-09-08T09:00:00+02:00;519
2021-09-08T10:00:00+02:00;430
2021-09-08T11:00:00+02:00;280
2021-09-08T12:00:00+02:00;1265
2021-09-08T13:00:00+02:00;747
2021-09-08T14:00:00+02:00;1033
2021-09-08T15:00:00+02:00;1328
2021-09-08T16:00:00+02:00;5003
2021-09-08T17:00:00+02:00;3157
2021-09-08T18:00:00+02:00;3484
2021-09-08T19:00:00+02:00;2906
2021-09-08T20:00:00+02:00;1388
2021-09-08T21:00:00+02:00;1631
2021-09-08T22:00:00+02:00;449
2021-09-08T23:00:00+02:00;309
2021-09-09T00:00:00+02:00;590
2021-09-09T01:00:00+02:00;315
2021-09-09T02:00:00+02:00;870
2021-09-09T03:00:00+02:00;285
2021-09-09T04:00:00+02:00;328
2021-09-09T05:00:00+02:00;321
2021-09-09T06:00:00+02:00;284
2021-09-09T07:00:00+02:00;814
2021-09-09T08:00:00+02:00;972
2021-09-09T09:00:00+02:00;1038
2021-09-09T10:00:00+02:00;418
2021-09-09T11:00:00+02:00;1108
2021-09-09T12:00:00+02:00;451
2021-09-09T13:00:00+02:00;482
2021-09-09T14:00:00+02:00;1364
2021-09-09T15:00:00+02:00;2076
2021-09-09T16:00:00+02:00;1649
2021-09-09T17:00:00+02:00;1647
2021-09-09T18:00:00+02:00;2747
2021-09-09T19:00:00+02:00;3603
2021-09-09T20:00:00+02:00;2754
2021-09-09T21:00:00+02:00;1030
2021-09-09T22:00:00+02:00;967
2021-09-09T23:00:00+02:00;530
2021-09-10T00:00:00+02:00;400
2021-09-10T01:00:00+02:00;283
2021-09-10T02:00:00+02:00;529
2021-09-10T03:00:00+02:00;623
2021-09-10T04:00:00+02:00;299
2021-09-10T05:00:00+02:00;250
2021-09-10T06:00:00+02:00;299
2021-09-10T07:00:00+02:00;688
2021-09-10T08:00:00+02:00;866
2021-09-10T09:00:00+02:00;5708
2021-09-10T10:00:00+02:00;4120
2021-09-10T11:00:00+02:00;4501
2021-09-10T12:00:00+02:00;5243
2021-09-10T13:00:00+02:00;1851
2021-09-10T14:00:00+02:00;1575
2021-09-10T15:00:00+02:00;3415
2021-09-10T16:00:00+02:00;3427
2021-09-10T17:00:00+02:00;2557
2021-09-10T18:00:00+02:00;1369
2021-09-10T19:00:00+02:00;586
2021-09-10T20:00:00+02:00;1602
2021-09-10T21:00:00+02:00;1862
2021-09-10T22:00:00+02:00;2470
2021-09-10T23:00:00+02:00;1315
2021-09-11T00:00:00+02:00;287
2021-09-11T01:00:00+02:00;290
2021-09-11T02:00:00+02:00;275
2021-09-11T03:00:00+02:00;280
2021-09-11T04:00:00+02:00;288
2021-09-11T05:00:00+02:00;270
2021-09-11T06:00:00+02:00;443
2021-09-11T07:00:00+02:00;269
2021-09-11T08:00:00+02:00;591
2021-09-11T09:00:00+02:00;2415
2021-09-11T10:00:00+02:00;2515
2021-09-11T11:00:00+02:00;1861
2021-09-11T12:00:00+02:00;967
2021-09-11T13:00:00+02:00;317
2021-09-11T14:00:00+02:00;338
2021-09-11T15:00:00+02:00;290
2021-09-11T16:00:00+02:00;262
2021-09-11T17:00:00+02:00;307
2021-09-11T18:00:00+02:00;537
2021-09-11T19:00:00+02:00;2810
2021-09-11T20:00:00+02:00;2834
2021-09-11T21:00:00+02:00;1029
2021-09-11T22:00:00+02:00;302
2021-09-11T23:00:00+02:00;290
2021-09-12T00:00:00+02:00;448
2021-09-12T01:00:00+02:00;332
2021-09-12T02:00:00+02:00;259
2021-09-12T03:00:00+02:00;274
2021-09-12T04:00:00+02:00;307
2021-09-12T05:00:00+02:00;310
2021-09-12T06:00:00+02:00;345
2021-09-12T07:00:00+02:00;794
2021-09-12T08:00:00+02:00;1149
2021-09-12T09:00:00+02:00;407
2021-09-12T10:00:00+02:00;527
2021-09-12T11:00:00+02:00;977
2021-09-12T12:00:00+02:00;1400
2021-09-12T13:00:00+02:00;246
2021-09-12T14:00:00+02:00;409
2021-09-12T15:00:00+02:00;295
2021-09-12T16:00:00+02:00;274
2021-09-12T17:00:00+02:00;678
2021-09-12T18:00:00+02:00;2686
2021-09-12T19:00:00+02:00;2934
2021-09-12T20:00:00+02:00;1270
2021-09-12T21:00:00+02:00;1965
2021-09-12T22:00:00+02:00;581
2021-09-12T23:00:00+02:00;423
2021-09-13T00:00:00+02:00;277
2021-09-13T01:00:00+02:00;282
2021-09-13T02:00:00+02:00;293
2021-09-13T03:00:00+02:00;857
2021-09-13T04:00:00+02:00;287
2021-09-13T05:00:00+02:00;284
2021-09-13T06:00:00+02:00;567
2021-09-13T07:00:00+02:00;298
2021-09-13T08:00:00+02:00;1969
2021-09-13T09:00:00+02:00;6745
2021-09-13T10:00:00+02:00;2743
2021-09-13T11:00:00+02:00;2973
2021-09-13T12:00:00+02:00;4642
2021-09-13T13:00:00+02:00;1859
2021-09-13T14:00:00+02:00;1945
2021-09-13T15:00:00+02:00;3473
2021-09-13T16:00:00+02:00;3865
2021-09-13T17:00:00+02:00;1469
2021-09-13T18:00:00+02:00;1975
2021-09-13T19:00:00+02:00;2280
2021-09-13T20:00:00+02:00;1394
2021-09-13T21:00:00+02:00;953
2021-09-13T22:00:00+02:00;2135
2021-09-13T23:00:00+02:00;1427
2021-09-14T00:00:00+02:00;306
2021-09-14T01:00:00+02:00;298
2021-09-14T02:00:00+02:00;285
2021-09-14T03:00:00+02:00;282
2021-09-14T04:00:00+02:00;529
2021-09-14T05:00:00+02:00;512
2021-09-14T06:00:00+02:00;336
2021-09-14T07:00:00+02:00;612
2021-09-14T08:00:00+02:00;1220
2021-09-14T09:00:00+02:00;3278
2021-09-14T10:00:00+02:00;4057
2021-09-14T11:00:00+02:00;4657
2021-09-14T12:00:00+02:00;3268
2021-09-14T13:00:00+02:00;2422
2021-09-14T14:00:00+02:00;2081
2021-09-14T15:00:00+02:00;432
2021-09-14T16:00:00+02:00;819
2021-09-14T17:00:00+02:00;308
2021-09-14T18:00:00+02:00;335
2021-09-14T19:00:00+02:00;2273
2021-09-14T20:00:00+02:00;803
2021-09-14T21:00:00+02:00;523
2021-09-14T22:00:00+02:00;446
2021-09-14T23:00:00+02:00;607
2021-09-15T00:00:00+02:00;2100
2021-09-15T01:00:00+02:00;534
2021-09-15T02:00:00+02:00;633
2021-09-15T03:00:00+02:00;276
2021-09-15T04:00:00+02:00;310
2021-09-15T05:00:00+02:00;289
2021-09-15T06:00:00+02:00;275
2021-09-15T07:00:00+02:00;351
2021-09-15T08:00:00+02:00;3018
2021-09-15T09:00:00+02:00;3798
2021-09-15T10:00:00+02:00;2068
2021-09-15T11:00:00+02:00;1962
2021-09-15T12:00:00+02:00;2282
2021-09-15T13:00:00+02:00;1189
2021-09-15T14:00:00+02:00;1421
2021-09-15T15:00:00+02:00;3887
2021-09-15T16:00:00+02:00;2533
2021-09-15T17:00:00+02:00;2391
2021-09-15T18:00:00+02:00;2475
2021-09-15T19:00:00+02:00;1990
2021-09-15T20:00:00+02:00;1176
2021-09-15T21:00:00+02:00;642
2021-09-15T22:00:00+02:00;443
2021-09-15T23:00:00+02:00;316
2021-09-16T00:00:00+02:00;319
2021-09-16T01:00:00+02:00;584
2021-09-16T02:00:00+02:00;921
2021-09-16T03:00:00+02:00;322
2021-09-16T04:00:00+02:00;280
2021-09-16T05:00:00+02:00;288
2021-09-16T06:00:00+02:00;1209
2021-09-16T07:00:00+02:00;1859
2021-09-16T08:00:00+02:00;1066
2021-09-16T09:00:00+02:00;2065
2021-09-16T10:00:00+02:00;1501
2021-09-16T11:00:00+02:00;2134
2021-09-16T12:00:00+02:00;2520
2021-09-16T13:00:00+02:00;633
2021-09-16T14:00:00+02:00;828
2021-09-16T15:00:00+02:00;1517
2021-09-16T16:00:00+02:00;2088
2021-09-16T17:00:00+02:00;2874
2021-09-16T18:00:00+02:00;1441
2021-09-16T19:00:00+02:00;2860
2021-09-16T20:00:00+02:00;2155
2021-09-16T21:00:00+02:00;939
2021-09-16T22:00:00+02:00;2650
2021-09-16T23:00:00+02:00;1723
2021-09-17T00:00:00+02:00;287
2021-09-17T01:00:00+02:00;326
2021-09-17T02:00:00+02:00;283
2021-09-17T03:00:00+02:00;294
2021-09-17T04:00:00+02:00;281
2021-09-17T05:00:00+02:00;454
2021-09-17T06:00:00+02:00;274
2021-09-17T07:00:00+02:00;307
2021-09-17T08:00:00+02:00;846
2021-09-17T09:00:00+02:00;2033
2021-09-17T10:00:00+02:00;4025
2021-09-17T11:00:00+02:00;3650
2021-09-17T12:00:00+02:00;2319
2021-09-17T13:00:00+02:00;1168
2021-09-17T14:00:00+02:00;1486
2021-09-17T15:00:00+02:00;414
2021-09-17T16:00:00+02:00;627
2021-09-17T17:00:00+02:00;1434
2021-09-17T18:00:00+02:00;1624
2021-09-17T19:00:00+02:00;1544
2021-09-17T20:00:00+02:00;2414
2021-09-17T21:00:00+02:00;2863
2021-09-17T22:00:00+02:00;1892
2021-09-17T23:00:00+02:00;412
2021-09-18T00:00:00+02:00;1083
2021-09-18T01:00:00+02:00;327
2021-09-18T02:00:00+02:00;316
2021-09-18T03:00:00+02:00;330
2021-09-18T04:00:00+02:00;256
2021-09-18T05:00:00+02:00;322
2021-09-18T06:00:00+02:00;270
2021-09-18T07:00:00+02:00;287
2021-09-18T08:00:00+02:00;560
2021-09-18T09:00:00+02:00;1681
2021-09-18T10:00:00+02:00;820
2021-09-18T11:00:00+02:00;948
2021-09-18T12:00:00+02:00;997
2021-09-18T13:00:00+02:00;846
2021-09-18T14:00:00+02:00;1501
2021-09-18T15:00:00+02:00;311
2021-09-18T16:00:00+02:00;335
2021-09-18T17:00:00+02:00;324
2021-09-18T18:00:00+02:00;639
2021-09-18T19:00:00+02:00;3057
2021-09-18T20:00:00+02:00;1410
2021-09-18T21:00:00+02:00;2052
2021-09-18T22:00:00+02:00;2521
2021-09-18T23:00:00+02:00;748
2021-09-19T00:00:00+02:00;468
2021-09-19T01:00:00+02:00;417
2021-09-19T02:00:00+02:00;300
2021-09-19T03:00:00+02:00;289
2021-09-19T04:00:00+02:00;280
2021-09-19T05:00:00+02:00;270
2021-09-19T06:00:00+02:00;304
2021-09-19T07:00:00+02:00;244
2021-09-19T08:00:00+02:00;1325
2021-09-19T09:00:00+02:00;782
2021-09-19T10:00:00+02:00;1366
2021-09-19T11:00:00+02:00;498
2021-09-19T12:00:00+02:00;723
2021-09-19T13:00:00+02:00;1024
2021-09-19T14:00:00+02:00;446
2021-09-19T15:00:00+02:00;468
2021-09-19T16:00:00+02:00;499
2021-09-19T17:00:00+02:00;430
2021-09-19T18:00:00+02:00;531
2021-09-19T19:00:00+02:00;2677
2021-09-19T20:00:00+02:00;2015
2021-09-19T21:00:00+02:00;3777
2021-09-19T22:00:00+02:00;1317
2021-09-19T23:00:00+02:00;1728
2021-09-20T00:00:00+02:00;671
2021-09-20T01:00:00+02:00;366
2021-09-20T02:00:00+02:00;296
2021-09-20T03:00:00+02:00;280
2021-09-20T04:00:00+02:00;285
2021-09-20T05:00:00+02:00;270
2021-09-20T06:00:00+02:00;1156
2021-09-20T07:00:00+02:00;1126
2021-09-20T08:00:00+02:00;1414
2021-09-20T09:00:00+02:00;2554
2021-09-20T10:00:00+02:00;2864
2021-09-20T11:00:00+02:00;3892
2021-09-20T12:00:00+02:00;2851
2021-09-20T13:00:00+02:00;1347
2021-09-20T14:00:00+02:00;893
2021-09-20T15:00:00+02:00;3515
2021-09-20T16:00:00+02:00;7738
2021-09-20T17:00:00+02:00;5532
2021-09-20T18:00:00+02:00;1052
2021-09-20T19:00:00+02:00;2666
2021-09-20T20:00:00+02:00;1896
2021-09-20T21:00:00+02:00;745
2021-09-20T22:00:00+02:00;1043
2021-09-20T23:00:00+02:00;2025
2021-09-21T00:00:00+02:00;1006
2021-09-21T01:00:00+02:00;283
2021-09-21T02:00:00+02:00;269
2021-09-21T03:00:00+02:00;260
2021-09-21T04:00:00+02:00;472
2021-09-21T05:00:00+02:00;484
2021-09-21T06:00:00+02:00;275
2021-09-21T07:00:00+02:00;299
2021-09-21T08:00:00+02:00;1047
2021-09-21T09:00:00+02:00;1838
2021-09-21T10:00:00+02:00;2112
2021-09-21T11:00:00+02:00;1851
2021-09-21T12:00:00+02:00;7153
2021-09-21T13:00:00+02:00;1601
2021-09-21T14:00:00+02:00;1244
2021-09-21T15:00:00+02:00;826
2021-09-21T16:00:00+02:00;588
2021-09-21T17:00:00+02:00;1878
2021-09-21T18:00:00+02:00;639
2021-09-21T19:00:00+02:00;1392
2021-09-21T20:00:00+02:00;1021
2021-09-21T21:00:00+02:00;1629
2021-09-21T22:00:00+02:00;1474
2021-09-21T23:00:00+02:00;1332
2021-09-22T00:00:00+02:00;286
2021-09-22T01:00:00+02:00;302
2021-09-22T02:00:00+02:00;359
2021-09-22T03:00:00+02:00;668
2021-09-22T04:00:00+02:00;272
2021-09-22T05:00:00+02:00;269
2021-09-22T06:00:00+02:00;230
2021-09-22T07:00:00+02:00;1611
2021-09-22T08:00:00+02:00;2023
2021-09-22T09:00:00+02:00;502
2021-09-22T10:00:00+02:00;601
2021-09-22T11:00:00+02:00;1065
2021-09-22T12:00:00+02:00;5884
2021-09-22T13:00:00+02:00;3599
2021-09-22T14:00:00+02:00;753
2021-09-22T15:00:00+02:00;686
2021-09-22T16:00:00+02:00;497
2021-09-22T17:00:00+02:00;339
2021-09-22T18:00:00+02:00;305
2021-09-22T19:00:00+02:00;2680
2021-09-22T20:00:00+02:00;2090
2021-09-22T21:00:00+02:00;1765
2021-09-22T22:00:00+02:00;2128
2021-09-22T23:00:00+02:00;543
2021-09-23T00:00:00+02:00;417
2021-09-23T01:00:00+02:00;633
2021-09-23T02:00:00+02:00;265
2021-09-23T03:00:00+02:00;311
2021-09-23T04:00:00+02:00;320
2021-09-23T05:00:00+02:00;436
2021-09-23T06:00:00+02:00;274
2021-09-23T07:00:00+02:00;309
2021-09-23T08:00:00+02:00;1214
2021-09-23T09:00:00+02:00;4731
2021-09-23T10:00:00+02:00;6545
2021-09-23T11:00:00+02:00;6519
2021-09-23T12:00:00+02:00;3634
2021-09-23T13:00:00+02:00;689
2021-09-23T14:00:00+02:00;478
2021-09-23T15:00:00+02:00;502
2021-09-23T16:00:00+02:00;2316
2021-09-23T17:00:00+02:00;2643
2021-09-23T18:00:00+02:00;464
2021-09-23T19:00:00+02:00;961
2021-09-23T20:00:00+02:00;2485
2021-09-23T21:00:00+02:00;2100
2021-09-23T22:00:00+02:00;2465
2021-09-23T23:00:00+02:00;525
2021-09-24T00:00:00+02:00;436
2021-09-24T01:00:00+02:00;278
2021-09-24T02:00:00+02:00;289
2021-09-24T03:00:00+02:00;253
2021-09-24T04:00:00+02:00;277
2021-09-24T05:00:00+02:00;284
2021-09-24T06:00:00+02:00;433
2021-09-24T07:00:00+02:00;452
2021-09-24T08:00:00+02:00;2624
2021-09-24T09:00:00+02:00;3425
2021-09-24T10:00:00+02:00;1345
2021-09-24T11:00:00+02:00;1179
2021-09-24T12:00:00+02:00;2191
2021-09-24T13:00:00+02:00;682
2021-09-24T14:00:00+02:00;810
2021-09-24T15:00:00+02:00;848
2021-09-24T16:00:00+02:00;940
2021-09-24T17:00:00+02:00;1199
2021-09-24T18:00:00+02:00;1244
2021-09-24T19:00:00+02:00;1328
2021-09-24T20:00:00+02:00;2559
2021-09-24T21:00:00+02:00;2012
2021-09-24T22:00:00+02:00;956
2021-09-24T23:00:00+02:00;459
2021-09-25T00:00:00+02:00;354
2021-09-25T01:00:00+02:00;343
2021-09-25T02:00:00+02:00;267
2021-09-25T03:00:00+02:00;277
2021-09-25T04:00:00+02:00;832
2021-09-25T05:00:00+02:00;437
2021-09-25T06:00:00+02:00;253
2021-09-25T07:00:00+02:00;401
2021-09-25T08:00:00+02:00;4644
2021-09-25T09:00:00+02:00;9933
2021-09-25T10:00:00+02:00;10300
2021-09-25T11:00:00+02:00;6015
2021-09-25T12:00:00+02:00;1456
2021-09-25T13:00:00+02:00;1233
2021-09-25T14:00:00+02:00;2894
2021-09-25T15:00:00+02:00;683
2021-09-25T16:00:00+02:00;761
2021-09-25T17:00:00+02:00;3575
2021-09-25T18:00:00+02:00;1947
2021-09-25T19:00:00+02:00;3152
2021-09-25T20:00:00+02:00;1983
2021-09-25T21:00:00+02:00;1124
2021-09-25T22:00:00+02:00;955
2021-09-25T23:00:00+02:00;306
2021-09-26T00:00:00+02:00;458
2021-09-26T01:00:00+02:00;295
2021-09-26T02:00:00+02:00;288
2021-09-26T03:00:00+02:00;770
2021-09-26T04:00:00+02:00;594
2021-09-26T05:00:00+02:00;268
2021-09-26T06:00:00+02:00;496
2021-09-26T07:00:00+02:00;531
2021-09-26T08:00:00+02:00;365
2021-09-26T09:00:00+02:00;474
2021-09-26T10:00:00+02:00;660
2021-09-26T11:00:00+02:00;1896
2021-09-26T12:00:00+02:00;1192
2021-09-26T13:00:00+02:00;563
2021-09-26T14:00:00+02:00;2568
2021-09-26T15:00:00+02:00;2257
2021-09-26T16:00:00+02:00;3095
2021-09-26T17:00:00+02:00;3501
2021-09-26T18:00:00+02:00;1571
2021-09-26T19:00:00+02:00;1078
2021-09-26T20:00:00+02:00;1128
2021-09-26T21:00:00+02:00;732
2021-09-26T22:00:00+02:00;1553
2021-09-26T23:00:00+02:00;456
2021-09-27T00:00:00+02:00;227
2021-09-27T01:00:00+02:00;263
2021-09-27T02:00:00+02:00;202
2021-09-27T03:00:00+02:00;184
2021-09-27T04:00:00+02:00;504
2021-09-27T05:00:00+02:00;763
2021-09-27T06:00:00+02:00;234
2021-09-27T07:00:00+02:00;246
2021-09-27T08:00:00+02:00;1368
2021-09-27T09:00:00+02:00;2620
2021-09-27T10:00:00+02:00;3385
2021-09-27T11:00:00+02:00;8505
2021-09-27T12:00:00+02:00;3983
2021-09-27T13:00:00+02:00;2138
2021-09-27T14:00:00+02:00;2209
2021-09-27T15:00:00+02:00;6375
2021-09-27T16:00:00+02:00;9887
2021-09-27T17:00:00+02:00;3996
2021-09-27T18:00:00+02:00;2084
2021-09-27T19:00:00+02:00;1857
2021-09-27T20:00:00+02:00;2221
2021-09-27T21:00:00+02:00;2407
2021-09-27T22:00:00+02:00;2409
2021-09-27T23:00:00+02:00;455
2021-09-28T00:00:00+02:00;290
2021-09-28T01:00:00+02:00;613
2021-09-28T02:00:00+02:00;289
2021-09-28T03:00:00+02:00;271
2021-09-28T04:00:00+02:00;255
2021-09-28T05:00:00+02:00;293
2021-09-28T06:00:00+02:00;432
2021-09-28T07:00:00+02:00;462
2021-09-28T08:00:00+02:00;1705
2021-09-28T09:00:00+02:00;1268
2021-09-28T10:00:00+02:00;1780
2021-09-28T11:00:00+02:00;1833
2021-09-28T12:00:00+02:00;2241
2021-09-28T13:00:00+02:00;873
2021-09-28T14:00:00+02:00;474
2021-09-28T15:00:00+02:00;882
2021-09-28T16:00:00+02:00;370
2021-09-28T17:00:00+02:00;489
2021-09-28T18:00:00+02:00;376
2021-09-28T19:00:00+02:00;2266
2021-09-28T20:00:00+02:00;3179
2021-09-28T21:00:00+02:00;2718
2021-09-28T22:00:00+02:00;1137
2021-09-28T23:00:00+02:00;1113
2021-09-29T00:00:00+02:00;268
2021-09-29T01:00:00+02:00;267
2021-09-29T02:00:00+02:00;344
2021-09-29T03:00:00+02:00;268
2021-09-29T04:00:00+02:00;242
2021-09-29T05:00:00+02:00;274
2021-09-29T06:00:00+02:00;270
2021-09-29T07:00:00+02:00;676
2021-09-29T08:00:00+02:00;1939
2021-09-29T09:00:00+02:00;613
2021-09-29T10:00:00+02:00;3455
2021-09-29T11:00:00+02:00;1912
2021-09-29T12:00:00+02:00;1311
2021-09-29T13:00:00+02:00;1991
2021-09-29T14:00:00+02:00;1697
2021-09-29T15:00:00+02:00;638
2021-09-29T16:00:00+02:00;577
2021-09-29T17:00:00+02:00;2748
2021-09-29T18:00:00+02:00;6015
2021-09-29T19:00:00+02:00;2934
2021-09-29T20:00:00+02:00;2360
2021-09-29T21:00:00+02:00;2607
2021-09-29T22:00:00+02:00;1629
2021-09-29T23:00:00+02:00;459
2021-09-30T00:00:00+02:00;249
2021-09-30T01:00:00+02:00;268
2021-09-30T02:00:00+02:00;290
2021-09-30T03:00:00+02:00;245
2021-09-30T04:00:00+02:00;249
2021-09-30T05:00:00+02:00;288
2021-09-30T06:00:00+02:00;420
2021-09-30T07:00:00+02:00;615
2021-09-30T08:00:00+02:00;2879
2021-09-30T09:00:00+02:00;1756
2021-09-30T10:00:00+02:00;272
2021-09-30T11:00:00+02:00;235
2021-09-30T12:00:00+02:00;1092
2021-09-30T13:00:00+02:00;606
2021-09-30T14:00:00+02:00;1300
2021-09-30T15:00:00+02:00;523
2021-09-30T16:00:00+02:00;1708
2021-09-30T17:00:00+02:00;2416
2021-09-30T18:00:00+02:00;842
2021-09-30T19:00:00+02:00;1640
2021-09-30T20:00:00+02:00;2309
2021-09-30T21:00:00+02:00;2364
2021-09-30T22:00:00+02:00;3060
2021-09-30T23:00:00+02:00;406
2021-10-01T00:00:00+02:00;287
2021-10-01T01:00:00+02:00;290
2021-10-01T02:00:00+02:00;273
2021-10-01T03:00:00+02:00;253
2021-10-01T04:00:00+02:00;284
2021-10-01T05:00:00+02:00;438
2021-10-01T06:00:00+02:00;584
2021-10-01T07:00:00+02:00;962
2021-10-01T08:00:00+02:00;833
2021-10-01T09:00:00+02:00;4502
2021-10-01T10:00:00+02:00;2362
2021-10-01T11:00:00+02:00;2260
2021-10-01T12:00:00+02:00;1959
2021-10-01T13:00:00+02:00;1094
2021-10-01T14:00:00+02:00;1325
2021-10-01T15:00:00+02:00;703
2021-10-01T16:00:00+02:00;7750
2021-10-01T17:00:00+02:00;2265
2021-10-01T18:00:00+02:00;1134
2021-10-01T19:00:00+02:00;1169
2021-10-01T20:00:00+02:00;1010
2021-10-01T21:00:00+02:00;2330
2021-10-01T22:00:00+02:00;963
2021-10-01T23:00:00+02:00;797
2021-10-02T00:00:00+02:00;338
2021-10-02T01:00:00+02:00;421
2021-10-02T02:00:00+02:00;291
2021-10-02T03:00:00+02:00;283
2021-10-02T04:00:00+02:00;628
2021-10-02T05:00:00+02:00;890
2021-10-02T06:00:00+02:00;288
2021-10-02T07:00:00+02:00;1095
2021-10-02T08:00:00+02:00;1845
2021-10-02T09:00:00+02:00;641
2021-10-02T10:00:00+02:00;2183
2021-10-02T11:00:00+02:00;2377
2021-10-02T12:00:00+02:00;371
2021-10-02T13:00:00+02:00;1095
2021-10-02T14:00:00+02:00;1080
2021-10-02T15:00:00+02:00;1761
2021-10-02T16:00:00+02:00;688
2021-10-02T17:00:00+02:00;289
2021-10-02T18:00:00+02:00;1183
2021-10-02T19:00:00+02:00;1181
2021-10-02T20:00:00+02:00;576
2021-10-02T21:00:00+02:00;690
2021-10-02T22:00:00+02:00;468
2021-10-02T23:00:00+02:00;904
2021-10-03T00:00:00+02:00;291
2021-10-03T01:00:00+02:00;263
2021-10-03T02:00:00+02:00;606
2021-10-03T03:00:00+02:00;294
2021-10-03T04:00:00+02:00;425
2021-10-03T05:00:00+02:00;264
2021-10-03T06:00:00+02:00;283
2021-10-03T07:00:00+02:00;277
2021-10-03T08:00:00+02:00;382
2021-10-03T09:00:00+02:00;2628
2021-10-03T10:00:00+02:00;1174
2021-10-03T11:00:00+02:00;852
2021-10-03T12:00:00+02:00;2245
2021-10-03T13:00:00+02:00;1956
2021-10-03T14:00:00+02:00;513
2021-10-03T15:00:00+02:00;2027
2021-10-03T16:00:00+02:00;3466
2021-10-03T17:00:00+02:00;2094
2021-10-03T18:00:00+02:00;1362
2021-10-03T19:00:00+02:00;3449
2021-10-03T20:00:00+02:00;3379
2021-10-03T21:00:00+02:00;1874
2021-10-03T22:00:00+02:00;2657
2021-10-03T23:00:00+02:00;1247
2021-10-04T00:00:00+02:00;898
2021-10-04T01:00:00+02:00;284
2021-10-04T02:00:00+02:00;295
2021-10-04T03:00:00+02:00;277
2021-10-04T04:00:00+02:00;273
2021-10-04T05:00:00+02:00;276
2021-10-04T06:00:00+02:00;427
2021-10-04T07:00:00+02:00;438
2021-10-04T08:00:00+02:00;1861
2021-10-04T09:00:00+02:00;3799
2021-10-04T10:00:00+02:00;8837
2021-10-04T11:00:00+02:00;5776
2021-10-04T12:00:00+02:00;4183
2021-10-04T13:00:00+02:00;1684
2021-10-04T14:00:00+02:00;1151
2021-10-04T15:00:00+02:00;5270
2021-10-04T16:00:00+02:00;5740
2021-10-04T17:00:00+02:00;10471
2021-10-04T18:00:00+02:00;4798
2021-10-04T19:00:00+02:00;3630
2021-10-04T20:00:00+02:00;3602
2021-10-04T21:00:00+02:00;2638
2021-10-04T22:00:00+02:00;1180
2021-10-04T23:00:00+02:00;2052
2021-10-05T00:00:00+02:00;928
2021-10-05T01:00:00+02:00;177
2021-10-05T02:00:00+02:00;276
2021-10-05T03:00:00+02:00;231
2021-10-05T04:00:00+02:00;209
2021-10-05T05:00:00+02:00;183
2021-10-05T06:00:00+02:00;206
2021-10-05T07:00:00+02:00;2838
2021-10-05T08:00:00+02:00;1383
2021-10-05T09:00:00+02:00;7558
2021-10-05T10:00:00+02:00;3432
2021-10-05T11:00:00+02:00;4534
2021-10-05T12:00:00+02:00;5254
2021-10-05T13:00:00+02:00;1548
2021-10-05T14:00:00+02:00;1008
2021-10-05T15:00:00+02:00;1116
2021-10-05T16:00:00+02:00;1491
2021-10-05T17:00:00+02:00;1761
2021-10-05T18:00:00+02:00;1388
2021-10-05T19:00:00+02:00;1351
2021-10-05T20:00:00+02:00;2146
2021-10-05T21:00:00+02:00;1188
2021-10-05T22:00:00+02:00;3681
2021-10-05T23:00:00+02:00;1484
2021-10-06T00:00:00+02:00;632
2021-10-06T01:00:00+02:00;693
2021-10-06T02:00:00+02:00;690
2021-10-06T03:00:00+02:00;768
2021-10-06T04:00:00+02:00;257
2021-10-06T05:00:00+02:00;253
2021-10-06T06:00:00+02:00;261
2021-10-06T07:00:00+02:00;287
2021-10-06T08:00:00+02:00;1578
2021-10-06T09:00:00+02:00;2876
2021-10-06T10:00:00+02:00;14602
2021-10-06T11:00:00+02:00;5617
2021-10-06T12:00:00+02:00;6485
2021-10-06T13:00:00+02:00;1973
2021-10-06T14:00:00+02:00;1405
2021-10-06T15:00:00+02:00;1940
2021-10-06T16:00:00+02:00;1485
2021-10-06T17:00:00+02:00;971
2021-10-06T18:00:00+02:00;1441
2021-10-06T19:00:00+02:00;3148
2021-10-06T20:00:00+02:00;3842
2021-10-06T21:00:00+02:00;3297
2021-10-06T22:00:00+02:00;4092
2021-10-06T23:00:00+02:00;1514
2021-10-07T00:00:00+02:00;252
2021-10-07T01:00:00+02:00;267
2021-10-07T02:00:00+02:00;283
2021-10-07T03:00:00+02:00;251
2021-10-07T04:00:00+02:00;285
2021-10-07T05:00:00+02:00;419
2021-10-07T06:00:00+02:00;266
2021-10-07T07:00:00+02:00;632
2021-10-07T08:00:00+02:00;1279
2021-10-07T09:00:00+02:00;2543
2021-10-07T10:00:00+02:00;4711
2021-10-07T11:00:00+02:00;7238
2021-10-07T12:00:00+02:00;1946
2021-10-07T13:00:00+02:00;637
2021-10-07T14:00:00+02:00;943
2021-10-07T15:00:00+02:00;2266
2021-10-07T16:00:00+02:00;1152
2021-10-07T17:00:00+02:00;286
2021-10-07T18:00:00+02:00;1051
2021-10-07T19:00:00+02:00;1563
2021-10-07T20:00:00+02:00;2682
2021-10-07T21:00:00+02:00;1279
2021-10-07T22:00:00+02:00;2228
2021-10-07T23:00:00+02:00;1557
2021-10-08T00:00:00+02:00;440
2021-10-08T01:00:00+02:00;282
2021-10-08T02:00:00+02:00;292
2021-10-08T03:00:00+02:00;245
2021-10-08T04:00:00+02:00;271
2021-10-08T05:00:00+02:00;359
2021-10-08T06:00:00+02:00;268
2021-10-08T07:00:00+02:00;890
2021-10-08T08:00:00+02:00;973
2021-10-08T09:00:00+02:00;1308
2021-10-08T10:00:00+02:00;292
2021-10-08T11:00:00+02:00;303
2021-10-08T12:00:00+02:00;443
2021-10-08T13:00:00+02:00;1645
2021-10-08T14:00:00+02:00;781
2021-10-08T15:00:00+02:00;856
2021-10-08T16:00:00+02:00;1502
2021-10-08T17:00:00+02:00;614
2021-10-08T18:00:00+02:00;300
2021-10-08T19:00:00+02:00;1901
2021-10-08T20:00:00+02:00;2325
2021-10-08T21:00:00+02:00;1861
2021-10-08T22:00:00+02:00;314
2021-10-08T23:00:00+02:00;293
2021-10-09T00:00:00+02:00;306
2021-10-09T01:00:00+02:00;300
2021-10-09T02:00:00+02:00;258
2021-10-09T03:00:00+02:00;270
2021-10-09T04:00:00+02:00;283
2021-10-09T05:00:00+02:00;248
2021-10-09T06:00:00+02:00;573
2021-10-09T07:00:00+02:00;280
2021-10-09T08:00:00+02:00;257
2021-10-09T09:00:00+02:00;1532
2021-10-09T10:00:00+02:00;2032
2021-10-09T11:00:00+02:00;2467
2021-10-09T12:00:00+02:00;2305
2021-10-09T13:00:00+02:00;1746
2021-10-09T14:00:00+02:00;868
2021-10-09T15:00:00+02:00;835
2021-10-09T16:00:00+02:00;791
2021-10-09T17:00:00+02:00;602
2021-10-09T18:00:00+02:00;909
2021-10-09T19:00:00+02:00;688
2021-10-09T20:00:00+02:00;259
2021-10-09T21:00:00+02:00;277
2021-10-09T22:00:00+02:00;562
2021-10-09T23:00:00+02:00;314
2021-10-10T00:00:00+02:00;270
2021-10-10T01:00:00+02:00;950
2021-10-10T02:00:00+02:00;2058
2021-10-10T03:00:00+02:00;2054
2021-10-10T04:00:00+02:00;1187
2021-10-10T05:00:00+02:00;242
2021-10-10T06:00:00+02:00;268
2021-10-10T07:00:00+02:00;272
2021-10-10T08:00:00+02:00;647
2021-10-10T09:00:00+02:00;336
2021-10-10T10:00:00+02:00;463
2021-10-10T11:00:00+02:00;405
2021-10-10T12:00:00+02:00;495
2021-10-10T13:00:00+02:00;1835
2021-10-10T14:00:00+02:00;2698
2021-10-10T15:00:00+02:00;1614
2021-10-10T16:00:00+02:00;764
2021-10-10T17:00:00+02:00;408
2021-10-10T18:00:00+02:00;1852
2021-10-10T19:00:00+02:00;2796
2021-10-10T20:00:00+02:00;1455
2021-10-10T21:00:00+02:00;3463
2021-10-10T22:00:00+02:00;2349
2021-10-10T23:00:00+02:00;1664
2021-10-11T00:00:00+02:00;319
2021-10-11T01:00:00+02:00;285
2021-10-11T02:00:00+02:00;273
2021-10-11T03:00:00+02:00;256
2021-10-11T04:00:00+02:00;270
2021-10-11T05:00:00+02:00;592
2021-10-11T06:00:00+02:00;257
2021-10-11T07:00:00+02:00;293
2021-10-11T08:00:00+02:00;1612
2021-10-11T09:00:00+02:00;3851
2021-10-11T10:00:00+02:00;5517
2021-10-11T11:00:00+02:00;9124
2021-10-11T12:00:00+02:00;7481
2021-10-11T13:00:00+02:00;2094
2021-10-11T14:00:00+02:00;1996
2021-10-11T15:00:00+02:00;3316
2021-10-11T16:00:00+02:00;5691
2021-10-11T17:00:00+02:00;5514
2021-10-11T18:00:00+02:00;1197
2021-10-11T19:00:00+02:00;3323
2021-10-11T20:00:00+02:00;3038
2021-10-11T21:00:00+02:00;1409
2021-10-11T22:00:00+02:00;527
2021-10-11T23:00:00+02:00;408
2021-10-12T00:00:00+02:00;311
2021-10-12T01:00:00+02:00;588
2021-10-12T02:00:00+02:00;304
2021-10-12T03:00:00+02:00;324
2021-10-12T04:00:00+02:00;935
2021-10-12T05:00:00+02:00;285
2021-10-12T06:00:00+02:00;288
2021-10-12T07:00:00+02:00;287
2021-10-12T08:00:00+02:00;1889
2021-10-12T09:00:00+02:00;1577
2021-10-12T10:00:00+02:00;1450
2021-10-12T11:00:00+02:00;540
2021-10-12T12:00:00+02:00;525
2021-10-12T13:00:00+02:00;1504
2021-10-12T14:00:00+02:00;714
2021-10-12T15:00:00+02:00;348
2021-10-12T16:00:00+02:00;334
2021-10-12T17:00:00+02:00;417
2021-10-12T18:00:00+02:00;790
2021-10-12T19:00:00+02:00;1128
2021-10-12T20:00:00+02:00;518
2021-10-12T21:00:00+02:00;1617
2021-10-12T22:00:00+02:00;2101
2021-10-12T23:00:00+02:00;2070
2021-10-13T00:00:00+02:00;365
2021-10-13T01:00:00+02:00;261
2021-10-13T02:00:00+02:00;278
2021-10-13T03:00:00+02:00;289
2021-10-13T04:00:00+02:00;262
2021-10-13T05:00:00+02:00;269
2021-10-13T06:00:00+02:00;299
2021-10-13T07:00:00+02:00;820
2021-10-13T08:00:00+02:00;450
2021-10-13T09:00:00+02:00;473
2021-10-13T10:00:00+02:00;1172
2021-10-13T11:00:00+02:00;1506
2021-10-13T12:00:00+02:00;767
2021-10-13T13:00:00+02:00;945
2021-10-13T14:00:00+02:00;755
2021-10-13T15:00:00+02:00;344
2021-10-13T16:00:00+02:00;2065
2021-10-13T17:00:00+02:00;675
2021-10-13T18:00:00+02:00;2473
2021-10-13T19:00:00+02:00;3521
2021-10-13T20:00:00+02:00;2629
2021-10-13T21:00:00+02:00;1104
2021-10-13T22:00:00+02:00;2120
2021-10-13T23:00:00+02:00;460
2021-10-14T00:00:00+02:00;294
2021-10-14T01:00:00+02:00;304
2021-10-14T02:00:00+02:00;257
2021-10-14T03:00:00+02:00;313
2021-10-14T04:00:00+02:00;474
2021-10-14T05:00:00+02:00;227
2021-10-14T06:00:00+02:00;233
2021-10-14T07:00:00+02:00;1140
2021-10-14T08:00:00+02:00;742
2021-10-14T09:00:00+02:00;1552
2021-10-14T10:00:00+02:00;1940
2021-10-14T11:00:00+02:00;560
2021-10-14T12:00:00+02:00;668
2021-10-14T13:00:00+02:00;3181
2021-10-14T14:00:00+02:00;2355
2021-10-14T15:00:00+02:00;1011
2021-10-14T16:00:00+02:00;390
2021-10-14T17:00:00+02:00;349
2021-10-14T18:00:00+02:00;405
2021-10-14T19:00:00+02:00;1426
2021-10-14T20:00:00+02:00;2478
2021-10-14T21:00:00+02:00;2553
2021-10-14T22:00:00+02:00;2733
2021-10-14T23:00:00+02:00;2052
2021-10-15T00:00:00+02:00;244
2021-10-15T01:00:00+02:00;200
2021-10-15T02:00:00+02:00;229
2021-10-15T03:00:00+02:00;246
2021-10-15T04:00:00+02:00;202
2021-10-15T05:00:00+02:00;229
2021-10-15T06:00:00+02:00;400
2021-10-15T07:00:00+02:00;795
2021-10-15T08:00:00+02:00;2764
2021-10-15T09:00:00+02:00;2431
2021-10-15T10:00:00+02:00;1588
2021-10-15T11:00:00+02:00;247
2021-10-15T12:00:00+02:00;231
2021-10-15T13:00:00+02:00;222
2021-10-15T14:00:00+02:00;232
2021-10-15T15:00:00+02:00;203
2021-10-15T16:00:00+02:00;232
2021-10-15T17:00:00+02:00;972
2021-10-15T18:00:00+02:00;2545
2021-10-15T19:00:00+02:00;1536
2021-10-15T20:00:00+02:00;2370
2021-10-15T21:00:00+02:00;880
2021-10-15T22:00:00+02:00;2608
2021-10-15T23:00:00+02:00;1523
2021-10-16T00:00:00+02:00;470
2021-10-16T01:00:00+02:00;279
2021-10-16T02:00:00+02:00;289
2021-10-16T03:00:00+02:00;205
2021-10-16T04:00:00+02:00;559
2021-10-16T05:00:00+02:00;246
2021-10-16T06:00:00+02:00;211
2021-10-16T07:00:00+02:00;229
2021-10-16T08:00:00+02:00;641
2021-10-16T09:00:00+02:00;1666
2021-10-16T10:00:00+02:00;1699
2021-10-16T11:00:00+02:00;2325
2021-10-16T12:00:00+02:00;2231
2021-10-16T13:00:00+02:00;2071
2021-10-16T14:00:00+02:00;1449
2021-10-16T15:00:00+02:00;1006
2021-10-16T16:00:00+02:00;1920
2021-10-16T17:00:00+02:00;713
2021-10-16T18:00:00+02:00;2181
2021-10-16T19:00:00+02:00;2032
2021-10-16T20:00:00+02:00;2386
2021-10-16T21:00:00+02:00;1223
2021-10-16T22:00:00+02:00;368
2021-10-16T23:00:00+02:00;1276
2021-10-17T00:00:00+02:00;341
2021-10-17T01:00:00+02:00;243
2021-10-17T02:00:00+02:00;217
2021-10-17T03:00:00+02:00;225
2021-10-17T04:00:00+02:00;233
2021-10-17T05:00:00+02:00;388
2021-10-17T06:00:00+02:00;223
2021-10-17T07:00:00+02:00;819
2021-10-17T08:00:00+02:00;277
2021-10-17T09:00:00+02:00;791
2021-10-17T10:00:00+02:00;1609
2021-10-17T11:00:00+02:00;1752
2021-10-17T12:00:00+02:00;222
2021-10-17T13:00:00+02:00;225
2021-10-17T14:00:00+02:00;209
2021-10-17T15:00:00+02:00;226
2021-10-17T16:00:00+02:00;211
2021-10-17T17:00:00+02:00;218
2021-10-17T18:00:00+02:00;237
2021-10-17T19:00:00+02:00;2694
2021-10-17T20:00:00+02:00;2049
2021-10-17T21:00:00+02:00;1070
2021-10-17T22:00:00+02:00;3261
2021-10-17T23:00:00+02:00;3401
2021-10-18T00:00:00+02:00;3442
2021-10-18T01:00:00+02:00;1321
2021-10-18T02:00:00+02:00;240
2021-10-18T03:00:00+02:00;231
2021-10-18T04:00:00+02:00;227
2021-10-18T05:00:00+02:00;223
2021-10-18T06:00:00+02:00;554
2021-10-18T07:00:00+02:00;315
2021-10-18T08:00:00+02:00;1418
2021-10-18T09:00:00+02:00;4056
2021-10-18T10:00:00+02:00;6109
2021-10-18T11:00:00+02:00;2098
2021-10-18T12:00:00+02:00;2917
2021-10-18T13:00:00+02:00;570
2021-10-18T14:00:00+02:00;509
2021-10-18T15:00:00+02:00;2741
2021-10-18T16:00:00+02:00;2012
2021-10-18T17:00:00+02:00;1482
2021-10-18T18:00:00+02:00;2945
2021-10-18T19:00:00+02:00;3312
2021-10-18T20:00:00+02:00;4224
2021-10-18T21:00:00+02:00;2311
2021-10-18T22:00:00+02:00;3645
2021-10-18T23:00:00+02:00;2640
2021-10-19T00:00:00+02:00;678
2021-10-19T01:00:00+02:00;699
2021-10-19T02:00:00+02:00;242
2021-10-19T03:00:00+02:00;241
2021-10-19T04:00:00+02:00;217
2021-10-19T05:00:00+02:00;395
2021-10-19T06:00:00+02:00;566
2021-10-19T07:00:00+02:00;310
2021-10-19T08:00:00+02:00;2128
2021-10-19T09:00:00+02:00;4595
2021-10-19T10:00:00+02:00;4326
2021-10-19T11:00:00+02:00;6144
2021-10-19T12:00:00+02:00;3829
2021-10-19T13:00:00+02:00;1529
2021-10-19T14:00:00+02:00;2971
2021-10-19T15:00:00+02:00;1301
2021-10-19T16:00:00+02:00;2647
2021-10-19T17:00:00+02:00;835
2021-10-19T18:00:00+02:00;3022
2021-10-19T19:00:00+02:00;3100
2021-10-19T20:00:00+02:00;3506
2021-10-19T21:00:00+02:00;2650
2021-10-19T22:00:00+02:00;2327
2021-10-19T23:00:00+02:00;551
2021-10-20T00:00:00+02:00;719
